pagina,num_registros_ok,id_chunk,timestamp
28490,48,1,2026-01-16T21:06:40.638705
28481,0,0,2026-01-16T21:06:40.923381
28484,0,0,2026-01-16T21:06:41.153179
28485,0,0,2026-01-16T21:06:41.404744
28483,0,0,2026-01-16T21:06:41.649063
28487,50,1,2026-01-16T21:06:41.828742
28489,48,1,2026-01-16T21:06:42.129703
28488,49,1,2026-01-16T21:06:42.145196
28486,25,1,2026-01-16T21:06:42.638000
28482,0,0,2026-01-16T21:06:42.849634
28499,46,1,2026-01-16T21:07:05.180257
28498,42,1,2026-01-16T21:07:05.888680
28500,49,1,2026-01-16T21:07:06.321857
28491,45,1,2026-01-16T21:07:06.538314
28492,38,1,2026-01-16T21:07:06.955433
28493,0,0,2026-01-16T21:07:07.078766
28495,0,0,2026-01-16T21:07:07.540263
28496,0,0,2026-01-16T21:07:07.557798
28497,0,0,2026-01-16T21:07:07.940231
28494,0,0,2026-01-16T21:07:07.989510
28501,25,1,2026-01-16T21:07:23.513509
28503,0,0,2026-01-16T21:07:26.766187
28502,0,0,2026-01-16T21:07:27.103236
28510,48,1,2026-01-16T21:07:34.703402
28504,0,0,2026-01-16T21:07:34.973247
28507,0,0,2026-01-16T21:07:35.163748
28506,0,0,2026-01-16T21:07:35.352000
28509,23,1,2026-01-16T21:07:35.742536
28511,43,1,2026-01-16T21:07:35.872524
28505,0,0,2026-01-16T21:07:35.954120
28508,0,0,2026-01-16T21:07:36.472316
28513,49,1,2026-01-16T21:07:56.171747
28512,39,1,2026-01-16T21:07:56.332936
28516,0,0,2026-01-16T21:07:56.826297
28521,45,1,2026-01-16T21:07:57.108333
28514,37,1,2026-01-16T21:07:57.423518
28520,0,0,2026-01-16T21:07:57.725616
28519,0,0,2026-01-16T21:07:57.947733
28517,0,0,2026-01-16T21:07:58.181540
28515,0,0,2026-01-16T21:07:58.451322
28518,0,0,2026-01-16T21:07:58.656474
28522,41,1,2026-01-16T21:08:15.756084
28523,45,1,2026-01-16T21:08:16.481084
28524,47,1,2026-01-16T21:08:16.812884
28526,0,0,2026-01-16T21:08:17.565858
28525,2,1,2026-01-16T21:08:17.606355
28528,0,0,2026-01-16T21:08:18.294489
28531,0,0,2026-01-16T21:08:18.649635
28527,0,0,2026-01-16T21:08:19.231974
28529,0,0,2026-01-16T21:08:19.307507
28530,0,0,2026-01-16T21:08:19.777449
28532,0,0,2026-01-16T21:08:37.880023
28533,0,0,2026-01-16T21:08:40.286124
28540,0,0,2026-01-16T21:08:40.990085
28537,0,0,2026-01-16T21:08:41.277929
28534,0,0,2026-01-16T21:08:41.600336
28536,0,0,2026-01-16T21:08:42.002298
28539,0,0,2026-01-16T21:08:42.491037
28541,0,0,2026-01-16T21:08:42.555595
28538,0,0,2026-01-16T21:08:43.198980
28535,0,0,2026-01-16T21:08:43.215542
28542,0,0,2026-01-16T21:08:52.027440
28549,0,0,2026-01-16T21:09:08.182118
28548,0,0,2026-01-16T21:09:25.089323
28545,0,0,2026-01-16T21:09:25.830097
28551,0,0,2026-01-16T21:09:26.908691
28547,0,0,2026-01-16T21:09:26.912897
28544,0,0,2026-01-16T21:09:27.439709
28543,0,0,2026-01-16T21:09:28.081653
28546,0,0,2026-01-16T21:09:28.629697
28550,0,0,2026-01-16T21:09:28.641403
28552,0,0,2026-01-16T21:09:28.979418
28558,0,0,2026-01-16T21:09:40.004392
28553,0,0,2026-01-16T21:09:41.041705
28560,0,0,2026-01-16T21:09:49.082749
28562,0,0,2026-01-16T21:09:49.252533
28557,0,0,2026-01-16T21:09:49.614281
28556,0,0,2026-01-16T21:09:51.430219
28554,0,0,2026-01-16T21:09:51.457196
28559,0,0,2026-01-16T21:09:51.663440
28561,0,0,2026-01-16T21:09:51.877491
28555,0,0,2026-01-16T21:09:51.881849
28563,0,0,2026-01-16T21:10:10.797576
28565,0,0,2026-01-16T21:10:13.348710
28569,0,0,2026-01-16T21:10:15.454972
28567,0,0,2026-01-16T21:10:16.336353
28566,0,0,2026-01-16T21:10:16.676099
28564,0,0,2026-01-16T21:10:16.708973
28568,0,0,2026-01-16T21:10:16.731740
28571,0,0,2026-01-16T21:10:17.019944
28570,0,0,2026-01-16T21:10:17.201297
28572,0,0,2026-01-16T21:10:17.469208
28573,0,0,2026-01-16T21:10:31.093588
28574,0,0,2026-01-16T21:10:43.159151
28578,0,0,2026-01-16T21:10:57.348011
28582,0,0,2026-01-16T21:10:57.752889
28581,0,0,2026-01-16T21:10:57.986874
28577,0,0,2026-01-16T21:10:58.146029
28576,0,0,2026-01-16T21:10:58.754528
28575,0,0,2026-01-16T21:10:58.828224
28579,0,0,2026-01-16T21:10:59.309733
28580,0,0,2026-01-16T21:10:59.354110
28583,0,0,2026-01-16T21:10:59.635482
28587,0,0,2026-01-16T21:11:23.337907
28590,0,0,2026-01-16T21:11:23.489826
28592,0,0,2026-01-16T21:11:23.799446
28588,0,0,2026-01-16T21:11:25.323647
28591,0,0,2026-01-16T21:11:25.389406
28589,0,0,2026-01-16T21:11:25.428416
28586,0,0,2026-01-16T21:11:26.292854
28584,0,0,2026-01-16T21:11:26.314006
28585,0,0,2026-01-16T21:11:26.316709
28593,0,0,2026-01-16T21:11:26.316980
28599,32,1,2026-01-16T21:11:44.782190
28595,0,0,2026-01-16T21:11:44.900194
28597,0,0,2026-01-16T21:11:45.392737
28594,0,0,2026-01-16T21:11:45.790361
28596,0,0,2026-01-16T21:11:45.969030
28598,0,0,2026-01-16T21:12:04.882778
28600,50,1,2026-01-16T21:12:05.288557
28602,50,1,2026-01-16T21:12:05.347366
28603,50,1,2026-01-16T21:12:05.564133
28601,50,2,2026-01-16T21:12:05.826957
28605,50,2,2026-01-16T21:12:06.179012
28608,50,2,2026-01-16T21:12:06.700604
28604,50,2,2026-01-16T21:12:06.708368
28607,46,2,2026-01-16T21:12:07.228695
28606,50,2,2026-01-16T21:12:07.270946
28617,50,2,2026-01-16T21:12:35.565766
28618,35,2,2026-01-16T21:12:35.934588
28610,50,2,2026-01-16T21:12:36.027031
28609,50,2,2026-01-16T21:12:36.301458
28615,50,2,2026-01-16T21:12:36.481678
28616,50,2,2026-01-16T21:12:36.977382
28614,50,2,2026-01-16T21:12:37.147145
28613,50,2,2026-01-16T21:12:37.257674
28612,50,2,2026-01-16T21:12:37.382412
28611,50,2,2026-01-16T21:12:37.548952
28623,45,2,2026-01-16T21:12:57.457326
28621,33,2,2026-01-16T21:12:57.809993
28620,13,2,2026-01-16T21:12:58.318948
28622,35,2,2026-01-16T21:12:58.853661
28626,0,0,2026-01-16T21:12:59.026967
28624,2,2,2026-01-16T21:12:59.400850
28627,0,0,2026-01-16T21:12:59.675457
28628,0,0,2026-01-16T21:12:59.984086
28625,0,0,2026-01-16T21:13:00.187476
28619,7,2,2026-01-16T21:13:00.217861
28630,0,0,2026-01-16T21:13:16.785495
28631,0,0,2026-01-16T21:13:16.815700
28629,0,0,2026-01-16T21:13:17.028111
28633,23,2,2026-01-16T21:13:17.744744
28634,50,2,2026-01-16T21:13:18.095997
28632,0,0,2026-01-16T21:13:18.401735
28636,23,3,2026-01-16T21:13:18.847730
28637,8,3,2026-01-16T21:13:19.129829
28638,7,3,2026-01-16T21:13:19.378270
28635,50,3,2026-01-16T21:13:19.570068
28645,0,0,2026-01-16T21:13:38.963363
28648,0,0,2026-01-16T21:13:39.316279
28639,2,3,2026-01-16T21:13:39.747318
28640,0,0,2026-01-16T21:13:39.836007
28646,0,0,2026-01-16T21:13:41.695201
28641,0,0,2026-01-16T21:13:42.179761
28643,0,0,2026-01-16T21:13:51.345346
28642,0,0,2026-01-16T21:13:51.738015
28647,0,0,2026-01-16T21:13:52.260847
28644,0,0,2026-01-16T21:13:52.261014
28652,0,0,2026-01-16T21:14:07.981955
28649,0,0,2026-01-16T21:14:08.288097
28654,0,0,2026-01-16T21:14:08.856975
28653,0,0,2026-01-16T21:14:08.868037
28651,0,0,2026-01-16T21:14:09.189296
28650,0,0,2026-01-16T21:14:09.272934
28662,47,3,2026-01-16T21:14:23.378406
28661,45,3,2026-01-16T21:14:46.599084
28660,29,3,2026-01-16T21:14:46.869277
28663,48,3,2026-01-16T21:14:47.121262
28659,50,3,2026-01-16T21:14:47.554196
28657,50,3,2026-01-16T21:14:47.666739
28658,49,3,2026-01-16T21:14:47.830724
28656,32,3,2026-01-16T21:14:48.262423
28655,0,0,2026-01-16T21:14:48.380884
28664,2,3,2026-01-16T21:14:48.626987
28674,40,3,2026-01-16T21:15:09.574657
28673,50,3,2026-01-16T21:15:09.932888
28670,0,0,2026-01-16T21:15:10.520843
28669,0,0,2026-01-16T21:15:10.628047
28672,18,3,2026-01-16T21:15:10.791020
28667,0,0,2026-01-16T21:15:10.982942
28665,0,0,2026-01-16T21:15:11.254816
28666,0,0,2026-01-16T21:15:11.842092
28671,0,0,2026-01-16T21:15:11.885362
28668,0,0,2026-01-16T21:15:11.982748
28681,47,3,2026-01-16T21:15:36.492738
28676,34,3,2026-01-16T21:15:36.716591
28680,0,0,2026-01-16T21:15:37.952695
28678,0,0,2026-01-16T21:15:38.159286
28679,0,0,2026-01-16T21:15:38.297468
28684,47,3,2026-01-16T21:15:38.433011
28675,46,3,2026-01-16T21:15:38.653244
28683,40,3,2026-01-16T21:15:39.015929
28682,47,3,2026-01-16T21:15:39.183019
28677,0,0,2026-01-16T21:15:47.335883
28685,48,3,2026-01-16T21:16:04.558480
28686,46,3,2026-01-16T21:16:05.454869
28688,0,0,2026-01-16T21:16:06.879705
28687,8,3,2026-01-16T21:16:07.293305
28692,0,0,2026-01-16T21:16:08.080437
28690,0,0,2026-01-16T21:16:08.543695
28689,0,0,2026-01-16T21:16:08.644397
28691,0,0,2026-01-16T21:16:08.970589
28693,0,0,2026-01-16T21:16:08.984586
28694,0,0,2026-01-16T21:16:15.258318
28702,32,3,2026-01-16T21:16:43.699442
28696,0,0,2026-01-16T21:16:44.374484
28700,47,4,2026-01-16T21:16:45.718231
28701,50,4,2026-01-16T21:16:45.773075
28695,0,0,2026-01-16T21:16:46.229938
28703,0,0,2026-01-16T21:16:46.321313
28699,0,0,2026-01-16T21:16:46.652295
28697,0,0,2026-01-16T21:16:46.658290
28698,0,0,2026-01-16T21:16:46.689642
28704,0,0,2026-01-16T21:16:47.096151
28706,0,0,2026-01-16T21:17:07.860615
28705,0,0,2026-01-16T21:17:08.057291
28707,0,0,2026-01-16T21:17:21.785998
28713,13,4,2026-01-16T21:17:22.033118
28710,0,0,2026-01-16T21:17:22.201716
28709,0,0,2026-01-16T21:17:22.620662
28711,0,0,2026-01-16T21:17:22.647737
28712,0,0,2026-01-16T21:17:22.883230
28714,48,4,2026-01-16T21:17:22.925835
28708,0,0,2026-01-16T21:17:23.070141
28715,50,4,2026-01-16T21:17:34.102977
28716,50,4,2026-01-16T21:17:45.457467
28718,50,4,2026-01-16T21:17:45.640840
28719,50,4,2026-01-16T21:17:46.467589
28721,0,0,2026-01-16T21:17:46.782826
28720,45,4,2026-01-16T21:18:03.737246
28723,16,4,2026-01-16T21:18:04.042464
28717,44,4,2026-01-16T21:18:04.225143
28722,0,0,2026-01-16T21:18:04.409889
28724,28,4,2026-01-16T21:18:04.565759
28725,32,4,2026-01-16T21:18:04.830710
28731,0,0,2026-01-16T21:18:46.086136
28726,10,4,2026-01-16T21:18:46.385018
28727,0,0,2026-01-16T21:18:46.445297
28734,0,0,2026-01-16T21:18:47.535418
28729,0,0,2026-01-16T21:18:47.976253
28728,0,0,2026-01-16T21:18:47.999609
28732,0,0,2026-01-16T21:18:48.264933
28730,0,0,2026-01-16T21:18:48.860108
28735,0,0,2026-01-16T21:18:49.012210
28733,0,0,2026-01-16T21:18:49.210678
28740,0,0,2026-01-16T21:19:17.008787
28745,50,4,2026-01-16T21:19:19.560979
28739,0,0,2026-01-16T21:19:20.011016
28742,0,0,2026-01-16T21:19:20.261510
28737,0,0,2026-01-16T21:19:20.856581
28743,0,0,2026-01-16T21:19:20.898809
28741,0,0,2026-01-16T21:19:21.091142
28744,33,4,2026-01-16T21:19:21.501972
28736,0,0,2026-01-16T21:19:21.605839
28738,0,0,2026-01-16T21:19:21.890693
28746,50,4,2026-01-16T21:19:47.112866
28750,42,4,2026-01-16T21:19:49.333375
28749,41,4,2026-01-16T21:19:50.150372
28748,42,4,2026-01-16T21:19:50.389011
28752,0,0,2026-01-16T21:19:50.755925
28751,16,4,2026-01-16T21:19:51.071911
28753,0,0,2026-01-16T21:19:51.111874
28755,0,0,2026-01-16T21:19:51.314743
28747,50,4,2026-01-16T21:19:51.491527
28754,0,0,2026-01-16T21:19:51.704245
28765,5,4,2026-01-16T21:20:24.218751
28760,0,0,2026-01-16T21:20:24.693739
28757,0,0,2026-01-16T21:20:25.249534
28759,0,0,2026-01-16T21:20:26.011860
28761,0,0,2026-01-16T21:20:26.125175
28764,0,0,2026-01-16T21:20:26.208208
28758,0,0,2026-01-16T21:20:27.021395
28763,0,0,2026-01-16T21:20:27.083479
28756,0,0,2026-01-16T21:20:27.339290
28762,0,0,2026-01-16T21:20:27.456685
28769,39,4,2026-01-16T21:21:01.892179
28767,49,4,2026-01-16T21:21:03.437134
28770,44,4,2026-01-16T21:21:03.744657
28772,43,4,2026-01-16T21:21:03.980849
28771,45,4,2026-01-16T21:21:04.503888
28774,0,0,2026-01-16T21:21:05.135984
28775,0,0,2026-01-16T21:21:05.481146
28766,50,4,2026-01-16T21:21:05.671557
28773,3,5,2026-01-16T21:21:05.728130
28768,50,5,2026-01-16T21:21:06.093757
28777,41,5,2026-01-16T21:21:34.963309
28776,46,5,2026-01-16T21:21:35.272826
28784,0,0,2026-01-16T21:21:35.479572
28778,17,5,2026-01-16T21:21:35.732605
28780,50,5,2026-01-16T21:21:36.313645
28781,13,5,2026-01-16T21:21:36.420625
28785,0,0,2026-01-16T21:21:36.531795
28783,0,0,2026-01-16T21:21:36.818878
28782,5,5,2026-01-16T21:21:36.885175
28779,46,5,2026-01-16T21:21:37.076019
28790,49,5,2026-01-16T21:22:02.959090
28789,46,5,2026-01-16T21:22:04.334350
28788,46,5,2026-01-16T21:22:05.099259
28795,0,0,2026-01-16T21:22:05.117181
28787,50,5,2026-01-16T21:22:05.148347
28786,0,0,2026-01-16T21:22:05.514192
28791,5,5,2026-01-16T21:22:05.632999
28794,0,0,2026-01-16T21:22:06.058164
28793,0,0,2026-01-16T21:22:06.237240
28792,0,0,2026-01-16T21:22:06.554626
28803,0,0,2026-01-16T21:22:32.176897
28798,50,5,2026-01-16T21:22:32.448550
28800,46,5,2026-01-16T21:22:33.022522
28797,28,5,2026-01-16T21:22:33.397756
28799,43,5,2026-01-16T21:22:33.412600
28801,45,5,2026-01-16T21:22:33.631593
28796,0,0,2026-01-16T21:22:33.978987
28802,0,0,2026-01-16T21:22:34.811952
28804,0,0,2026-01-16T21:22:34.991010
28805,0,0,2026-01-16T21:22:35.065486
28807,0,0,2026-01-16T21:22:59.512933
28813,0,0,2026-01-16T21:23:00.276506
28815,0,0,2026-01-16T21:23:01.526659
28814,0,0,2026-01-16T21:23:02.241576
28811,0,0,2026-01-16T21:23:02.669058
28808,0,0,2026-01-16T21:23:03.002240
28809,0,0,2026-01-16T21:23:03.575114
28810,0,0,2026-01-16T21:23:03.972598
28812,0,0,2026-01-16T21:23:03.988652
28822,0,0,2026-01-16T21:23:04.025103
28806,0,0,2026-01-16T21:23:04.128896
28824,0,0,2026-01-16T21:23:30.434819
28819,0,0,2026-01-16T21:23:31.076494
28818,0,0,2026-01-16T21:23:31.418386
28826,0,0,2026-01-16T21:23:31.850659
28825,0,0,2026-01-16T21:23:32.415611
28820,0,0,2026-01-16T21:23:32.460870
28821,0,0,2026-01-16T21:23:33.167198
28817,0,0,2026-01-16T21:23:33.305614
28816,0,0,2026-01-16T21:23:33.613761
28823,0,0,2026-01-16T21:23:33.704190
28827,0,0,2026-01-16T21:23:53.718350
28830,0,0,2026-01-16T21:23:55.526997
28832,0,0,2026-01-16T21:23:55.905705
28828,0,0,2026-01-16T21:23:56.034967
28829,0,0,2026-01-16T21:23:56.490900
28834,0,0,2026-01-16T21:23:56.968911
28833,0,0,2026-01-16T21:23:58.091288
28835,0,0,2026-01-16T21:23:58.124698
28831,0,0,2026-01-16T21:23:58.182494
28836,0,0,2026-01-16T21:23:58.385146
28841,0,0,2026-01-16T21:24:13.354279
28839,0,0,2026-01-16T21:24:13.355264
28842,0,0,2026-01-16T21:24:14.270731
28840,0,0,2026-01-16T21:24:14.367880
28837,0,0,2026-01-16T21:24:14.757653
28844,0,0,2026-01-16T21:24:15.464483
28838,0,0,2026-01-16T21:24:15.697827
28846,0,0,2026-01-16T21:24:15.732250
28843,0,0,2026-01-16T21:24:16.413668
28845,0,0,2026-01-16T21:24:16.532014
28850,0,0,2026-01-16T21:24:39.044233
28854,2,5,2026-01-16T21:24:41.044781
28847,0,0,2026-01-16T21:24:41.222884
28853,0,0,2026-01-16T21:24:41.405426
28852,0,0,2026-01-16T21:24:42.175801
28855,50,5,2026-01-16T21:24:42.544011
28849,0,0,2026-01-16T21:24:43.252884
28856,50,5,2026-01-16T21:24:43.264495
28848,0,0,2026-01-16T21:24:43.545652
28851,0,0,2026-01-16T21:24:43.828089
28866,50,5,2026-01-16T21:25:03.562438
28865,47,5,2026-01-16T21:25:03.708259
28863,50,5,2026-01-16T21:25:04.282898
28861,50,5,2026-01-16T21:25:04.900931
28862,50,5,2026-01-16T21:25:05.024545
28858,50,5,2026-01-16T21:25:05.184030
28857,50,6,2026-01-16T21:25:05.452028
28859,50,6,2026-01-16T21:25:05.774972
28860,50,6,2026-01-16T21:25:06.072904
28864,50,6,2026-01-16T21:25:06.253895
28867,37,6,2026-01-16T21:25:23.584233
28872,38,6,2026-01-16T21:25:24.449917
28873,46,6,2026-01-16T21:25:24.709190
28870,37,6,2026-01-16T21:25:24.724403
28868,12,6,2026-01-16T21:25:25.096983
28871,29,6,2026-01-16T21:25:25.208413
28869,8,6,2026-01-16T21:25:25.454943
28874,43,6,2026-01-16T21:25:48.116919
28875,1,6,2026-01-16T21:25:49.284309
28877,0,0,2026-01-16T21:25:49.393222
28882,49,6,2026-01-16T21:25:50.842297
28878,0,0,2026-01-16T21:25:51.734377
28881,43,6,2026-01-16T21:25:51.953047
28880,0,0,2026-01-16T21:25:52.145913
28879,0,0,2026-01-16T21:25:52.253497
28883,8,6,2026-01-16T21:25:52.384646
28876,0,0,2026-01-16T21:25:52.653346
28892,0,0,2026-01-16T21:26:09.781983
28888,0,0,2026-01-16T21:26:09.852335
28890,50,6,2026-01-16T21:26:10.249591
28887,0,0,2026-01-16T21:26:10.661833
28885,0,0,2026-01-16T21:26:10.860749
28891,25,6,2026-01-16T21:26:11.121216
28886,0,0,2026-01-16T21:26:11.477957
28889,50,6,2026-01-16T21:26:11.683730
28884,5,6,2026-01-16T21:26:11.945835
28901,0,0,2026-01-16T21:26:34.801374
28893,0,0,2026-01-16T21:26:37.188593
28902,0,0,2026-01-16T21:26:37.244350
28899,0,0,2026-01-16T21:26:37.632303
28897,0,0,2026-01-16T21:26:38.438599
28895,0,0,2026-01-16T21:26:38.591252
28896,0,0,2026-01-16T21:26:38.732166
28898,0,0,2026-01-16T21:26:39.147381
28900,0,0,2026-01-16T21:26:39.445962
28894,0,0,2026-01-16T21:26:39.702388
28904,0,0,2026-01-16T21:26:56.956501
28905,0,0,2026-01-16T21:26:57.251752
28903,0,0,2026-01-16T21:26:57.839605
28906,0,0,2026-01-16T21:26:57.845207
28916,49,6,2026-01-16T21:27:16.277002
28913,43,6,2026-01-16T21:27:16.456174
28912,49,6,2026-01-16T21:27:16.702613
28914,37,6,2026-01-16T21:27:16.971882
28911,50,6,2026-01-16T21:27:17.464449
28910,50,6,2026-01-16T21:27:17.707947
28915,45,6,2026-01-16T21:27:17.730676
28909,50,6,2026-01-16T21:27:17.731928
28908,6,6,2026-01-16T21:27:17.911292
28907,0,0,2026-01-16T21:27:18.115935
28925,45,7,2026-01-16T21:27:33.755632
28917,33,7,2026-01-16T21:27:34.870641
28921,0,0,2026-01-16T21:27:35.387661
28924,46,7,2026-01-16T21:27:35.547246
28920,0,0,2026-01-16T21:27:35.567145
28923,26,7,2026-01-16T21:27:35.813502
28919,0,0,2026-01-16T21:27:36.126991
28922,0,0,2026-01-16T21:27:36.369962
28918,0,0,2026-01-16T21:27:36.468356
28934,34,7,2026-01-16T21:27:55.187130
28926,25,7,2026-01-16T21:27:55.696422
28928,0,0,2026-01-16T21:27:56.063548
28933,48,7,2026-01-16T21:27:56.083560
28931,0,0,2026-01-16T21:27:56.353807
28932,32,7,2026-01-16T21:27:56.423996
28929,0,0,2026-01-16T21:27:57.047820
28927,0,0,2026-01-16T21:27:57.079367
28930,0,0,2026-01-16T21:27:57.121140
28935,4,7,2026-01-16T21:27:57.314558
28944,49,7,2026-01-16T21:28:15.315502
28942,44,7,2026-01-16T21:28:15.697076
28945,28,7,2026-01-16T21:28:16.636714
28936,0,0,2026-01-16T21:28:16.681172
28943,48,7,2026-01-16T21:28:16.757972
28941,49,7,2026-01-16T21:28:16.815244
28939,0,0,2026-01-16T21:28:17.509745
28938,0,0,2026-01-16T21:28:17.737446
28937,0,0,2026-01-16T21:28:17.771453
28940,14,7,2026-01-16T21:28:17.809812
28946,0,0,2026-01-16T21:28:33.197652
28947,0,0,2026-01-16T21:28:33.678867
28948,0,0,2026-01-16T21:28:33.693454
28951,0,0,2026-01-16T21:28:52.890074
28949,0,0,2026-01-16T21:28:53.226797
28953,0,0,2026-01-16T21:28:53.528589
28957,0,0,2026-01-16T21:28:53.874423
28952,0,0,2026-01-16T21:28:54.238954
28950,0,0,2026-01-16T21:28:54.467000
28956,0,0,2026-01-16T21:28:54.867118
28958,0,0,2026-01-16T21:28:54.941158
28954,0,0,2026-01-16T21:28:55.027316
28955,0,0,2026-01-16T21:28:55.202800
28959,0,0,2026-01-16T21:29:10.946307
28962,0,0,2026-01-16T21:29:32.272417
28968,0,0,2026-01-16T21:29:33.190194
28963,0,0,2026-01-16T21:29:33.274143
28966,0,0,2026-01-16T21:29:33.713848
28967,0,0,2026-01-16T21:29:33.721652
28960,0,0,2026-01-16T21:29:33.912725
28965,0,0,2026-01-16T21:29:34.429621
28964,0,0,2026-01-16T21:29:34.661563
28961,0,0,2026-01-16T21:29:34.866521
28969,0,0,2026-01-16T21:29:34.878564
28973,0,0,2026-01-16T21:30:11.996995
28979,0,0,2026-01-16T21:30:12.233367
28978,0,0,2026-01-16T21:30:12.636013
28977,0,0,2026-01-16T21:30:13.995445
28975,0,0,2026-01-16T21:30:14.485582
28974,0,0,2026-01-16T21:30:14.516816
28970,0,0,2026-01-16T21:30:14.833662
28971,0,0,2026-01-16T21:30:15.027430
28972,0,0,2026-01-16T21:30:15.091763
28976,0,0,2026-01-16T21:30:15.386167
28986,0,0,2026-01-16T21:31:04.643988
28983,0,0,2026-01-16T21:31:04.884344
28987,0,0,2026-01-16T21:31:05.452207
28985,0,0,2026-01-16T21:31:05.788372
28988,0,0,2026-01-16T21:31:05.835319
28989,0,0,2026-01-16T21:31:05.886753
28984,0,0,2026-01-16T21:31:06.092421
28981,0,0,2026-01-16T21:31:06.556601
28980,0,0,2026-01-16T21:31:06.777506
28982,0,0,2026-01-16T21:31:06.909656
28993,0,0,2026-01-16T21:31:46.977805
28992,0,0,2026-01-16T21:31:47.241454
28995,0,0,2026-01-16T21:31:48.316557
28998,40,7,2026-01-16T21:31:48.423410
28996,0,0,2026-01-16T21:31:48.700079
28994,0,0,2026-01-16T21:31:48.713376
28990,0,0,2026-01-16T21:31:49.357194
28997,0,0,2026-01-16T21:31:49.377628
28991,0,0,2026-01-16T21:31:49.404557
28999,49,7,2026-01-16T21:31:49.471512
29005,50,7,2026-01-16T21:32:28.234953
29008,48,7,2026-01-16T21:32:28.415481
29002,50,7,2026-01-16T21:32:28.980795
29001,50,8,2026-01-16T21:32:29.383287
29003,50,8,2026-01-16T21:32:29.949093
29000,50,8,2026-01-16T21:32:30.015448
29007,50,8,2026-01-16T21:32:30.197478
29004,50,8,2026-01-16T21:32:30.198224
29009,49,8,2026-01-16T21:32:30.198472
29006,50,8,2026-01-16T21:32:30.198687
29016,9,8,2026-01-16T21:33:05.925135
29010,50,8,2026-01-16T21:33:06.247965
29018,25,8,2026-01-16T21:33:06.477263
29011,50,8,2026-01-16T21:33:06.720901
29012,50,8,2026-01-16T21:33:06.778495
29014,10,8,2026-01-16T21:33:06.969000
29013,0,0,2026-01-16T21:33:27.178574
29020,0,0,2026-01-16T21:33:31.609569
29021,0,0,2026-01-16T21:33:32.010015
29022,0,0,2026-01-16T21:33:32.209751
29023,0,0,2026-01-16T21:33:32.416677
29024,0,0,2026-01-16T21:33:32.479291
29025,0,0,2026-01-16T21:33:32.635410
29017,0,0,2026-01-16T21:33:37.176428
29015,0,0,2026-01-16T21:33:37.177626
29019,0,0,2026-01-16T21:33:37.179274
29026,0,0,2026-01-16T21:33:52.865099
29027,0,0,2026-01-16T21:33:57.276949
29028,0,0,2026-01-16T21:33:57.677489
29029,0,0,2026-01-16T21:33:57.877820
29030,0,0,2026-01-16T21:33:58.086089
29031,0,0,2026-01-16T21:33:58.145869
29032,0,0,2026-01-16T21:33:58.301990
29033,0,0,2026-01-16T21:34:02.844071
29034,0,0,2026-01-16T21:34:02.846041
29035,0,0,2026-01-16T21:34:02.847102
29044,0,0,2026-01-16T21:34:14.398266
29046,50,8,2026-01-16T21:34:27.861713
29042,0,0,2026-01-16T21:34:31.909997
29040,0,0,2026-01-16T21:34:32.137607
29043,0,0,2026-01-16T21:34:32.398019
29036,0,0,2026-01-16T21:34:32.528272
29045,50,8,2026-01-16T21:34:32.722097
29038,0,0,2026-01-16T21:34:33.108974
29041,0,0,2026-01-16T21:34:33.297292
29039,0,0,2026-01-16T21:34:33.297622
29037,0,0,2026-01-16T21:34:33.511777
29047,50,8,2026-01-16T21:34:39.732172
29049,45,8,2026-01-16T21:34:50.991128
29048,38,8,2026-01-16T21:34:51.148638
29051,0,0,2026-01-16T21:34:51.401061
29052,0,0,2026-01-16T21:34:51.629446
29050,31,8,2026-01-16T21:34:52.048774
29054,0,0,2026-01-16T21:34:52.724739
29053,0,0,2026-01-16T21:34:52.901794
29056,41,8,2026-01-16T21:34:53.036165
29055,0,0,2026-01-16T21:34:54.083704
29057,39,8,2026-01-16T21:34:57.445081
29058,39,8,2026-01-16T21:35:10.132108
29060,47,8,2026-01-16T21:35:10.306403
29063,0,0,2026-01-16T21:35:10.473026
29064,0,0,2026-01-16T21:35:10.644989
29065,0,0,2026-01-16T21:35:11.087508
29061,46,8,2026-01-16T21:35:11.242757
29059,48,8,2026-01-16T21:35:11.415091
29062,0,0,2026-01-16T21:35:11.604027
29066,19,9,2026-01-16T21:35:12.560309
29067,38,9,2026-01-16T21:35:14.952272
29068,44,9,2026-01-16T21:35:27.584118
29069,3,9,2026-01-16T21:35:28.287229
29070,0,0,2026-01-16T21:35:29.823059
29072,0,0,2026-01-16T21:35:30.170665
29073,0,0,2026-01-16T21:35:30.953674
29071,0,0,2026-01-16T21:35:31.029569
29074,0,0,2026-01-16T21:35:31.247920
29075,0,0,2026-01-16T21:35:31.452790
29076,48,9,2026-01-16T21:35:31.716868
29077,45,9,2026-01-16T21:35:32.161184
29079,35,9,2026-01-16T21:35:40.550559
29078,46,9,2026-01-16T21:35:46.774036
29080,0,0,2026-01-16T21:35:47.934093
29084,0,0,2026-01-16T21:35:49.079118
29085,0,0,2026-01-16T21:35:49.495777
29081,0,0,2026-01-16T21:35:49.769969
29082,0,0,2026-01-16T21:35:50.280824
29087,0,0,2026-01-16T21:35:50.458640
29083,0,0,2026-01-16T21:35:50.712424
29086,0,0,2026-01-16T21:35:50.845375
29088,0,0,2026-01-16T21:35:55.104684
29089,0,0,2026-01-16T21:36:03.010346
29097,0,0,2026-01-16T21:36:03.474607
29090,0,0,2026-01-16T21:36:04.255637
29091,0,0,2026-01-16T21:36:06.043282
29092,0,0,2026-01-16T21:36:07.867791
29096,0,0,2026-01-16T21:36:08.303745
29093,0,0,2026-01-16T21:36:08.688203
29095,0,0,2026-01-16T21:36:09.139335
29094,0,0,2026-01-16T21:36:09.801690
29098,0,0,2026-01-16T21:36:13.888126
29101,0,0,2026-01-16T21:36:24.149430
29099,0,0,2026-01-16T21:36:24.415634
29100,0,0,2026-01-16T21:36:24.874206
29102,0,0,2026-01-16T21:36:25.302581
29103,0,0,2026-01-16T21:36:26.353064
29104,0,0,2026-01-16T21:36:28.014138
29107,0,0,2026-01-16T21:36:28.723028
29106,0,0,2026-01-16T21:36:28.872938
29105,0,0,2026-01-16T21:36:29.138015
29108,0,0,2026-01-16T21:36:30.422197
29111,0,0,2026-01-16T21:36:38.936815
29110,0,0,2026-01-16T21:36:39.350429
29109,0,0,2026-01-16T21:36:39.909622
29112,0,0,2026-01-16T21:36:41.171540
29113,0,0,2026-01-16T21:36:43.410363
29117,0,0,2026-01-16T21:36:44.525908
29114,0,0,2026-01-16T21:36:44.803460
29115,0,0,2026-01-16T21:36:45.238494
29116,0,0,2026-01-16T21:36:45.417955
29118,0,0,2026-01-16T21:36:46.406739
29120,0,0,2026-01-16T21:36:59.176522
29119,0,0,2026-01-16T21:36:59.385293
29122,0,0,2026-01-16T21:37:00.579589
29121,0,0,2026-01-16T21:37:00.889697
29123,0,0,2026-01-16T21:37:01.367046
29124,0,0,2026-01-16T21:37:04.810547
29126,0,0,2026-01-16T21:37:05.558634
29125,0,0,2026-01-16T21:37:06.047235
29127,0,0,2026-01-16T21:37:06.315903
29128,0,0,2026-01-16T21:37:06.769721
29129,0,0,2026-01-16T21:37:13.937975
29132,50,9,2026-01-16T21:37:14.460783
29130,0,0,2026-01-16T21:37:15.607513
29133,50,9,2026-01-16T21:37:16.124886
29131,27,9,2026-01-16T21:37:16.306088
29134,50,9,2026-01-16T21:37:19.362964
29136,50,9,2026-01-16T21:37:21.620127
29135,49,9,2026-01-16T21:37:21.769908
29137,50,9,2026-01-16T21:37:22.531138
29138,50,9,2026-01-16T21:37:22.992644
29139,50,9,2026-01-16T21:37:25.507836
29140,50,9,2026-01-16T21:37:32.198389
29144,48,9,2026-01-16T21:37:32.690497
29143,50,9,2026-01-16T21:37:33.713447
29141,49,9,2026-01-16T21:37:33.962486
29142,50,10,2026-01-16T21:37:34.154596
29145,50,10,2026-01-16T21:37:39.246273
29146,47,10,2026-01-16T21:37:40.385409
29147,20,10,2026-01-16T21:37:41.341805
29148,15,10,2026-01-16T21:37:41.921342
29149,21,10,2026-01-16T21:37:45.691570
29151,42,10,2026-01-16T21:37:52.341909
29150,33,10,2026-01-16T21:37:52.824645
29152,42,10,2026-01-16T21:37:54.014638
29153,0,0,2026-01-16T21:37:54.331281
29154,0,0,2026-01-16T21:37:54.881444
29155,14,10,2026-01-16T21:37:56.790748
29159,0,0,2026-01-16T21:37:57.817653
29156,0,0,2026-01-16T21:37:58.084287
29157,0,0,2026-01-16T21:37:58.419404
29158,0,0,2026-01-16T21:37:59.812768
29160,0,0,2026-01-16T21:38:10.694068
29163,47,10,2026-01-16T21:38:11.904650
29161,0,0,2026-01-16T21:38:12.158623
29162,0,0,2026-01-16T21:38:12.564044
29164,46,10,2026-01-16T21:38:13.083449
29165,9,10,2026-01-16T21:38:15.883432
29167,0,0,2026-01-16T21:38:16.827581
29166,1,10,2026-01-16T21:38:17.624878
29168,0,0,2026-01-16T21:38:17.917643
29169,0,0,2026-01-16T21:38:19.495478
29171,0,0,2026-01-16T21:38:26.184792
29170,0,0,2026-01-16T21:38:26.249309
29173,0,0,2026-01-16T21:38:26.831708
29172,0,0,2026-01-16T21:38:27.044269
29174,0,0,2026-01-16T21:38:27.909564
29178,50,10,2026-01-16T21:38:31.154848
29177,1,10,2026-01-16T21:38:31.450912
29175,0,0,2026-01-16T21:38:31.713823
29176,0,0,2026-01-16T21:38:32.000117
29179,50,10,2026-01-16T21:38:32.347052
29183,47,10,2026-01-16T21:38:40.914182
29181,46,10,2026-01-16T21:38:41.135058
29184,47,10,2026-01-16T21:38:41.615109
29182,45,10,2026-01-16T21:38:41.674615
29180,50,10,2026-01-16T21:38:42.048276
29185,25,10,2026-01-16T21:38:45.307742
29186,0,0,2026-01-16T21:38:45.907532
29187,0,0,2026-01-16T21:38:46.200893
29188,0,0,2026-01-16T21:38:46.423182
29189,30,10,2026-01-16T21:38:48.342668
29194,0,0,2026-01-16T21:38:54.379615
29192,0,0,2026-01-16T21:38:55.540747
29193,0,0,2026-01-16T21:38:57.051410
29191,2,10,2026-01-16T21:38:57.379096
29190,36,10,2026-01-16T21:38:57.716894
29195,1,10,2026-01-16T21:39:02.202471
29198,32,10,2026-01-16T21:39:03.160105
29196,50,10,2026-01-16T21:39:03.328856
29197,48,10,2026-01-16T21:39:03.850086
29199,44,10,2026-01-16T21:39:05.608238
29204,0,0,2026-01-16T21:39:10.662874
29200,50,11,2026-01-16T21:39:11.859704
29201,50,11,2026-01-16T21:39:12.766195
29206,0,0,2026-01-16T21:39:14.928197
29202,5,11,2026-01-16T21:39:16.530445
29203,0,0,2026-01-16T21:39:17.585904
29205,0,0,2026-01-16T21:39:18.525177
29207,0,0,2026-01-16T21:39:19.794827
29208,0,0,2026-01-16T21:39:20.366597
29209,0,0,2026-01-16T21:39:21.036538
29210,28,11,2026-01-16T21:39:25.278767
29211,50,11,2026-01-16T21:39:27.761948
29212,40,11,2026-01-16T21:39:28.273829
29213,44,11,2026-01-16T21:39:28.539724
29214,50,11,2026-01-16T21:39:31.934471
29215,44,11,2026-01-16T21:39:32.911563
29216,0,0,2026-01-16T21:39:35.003763
29217,0,0,2026-01-16T21:39:36.663077
29218,0,0,2026-01-16T21:39:40.165320
29219,0,0,2026-01-16T21:39:40.861185
29220,0,0,2026-01-16T21:39:43.012883
29224,0,0,2026-01-16T21:39:45.110245
29222,0,0,2026-01-16T21:39:48.428669
29223,0,0,2026-01-16T21:39:49.017347
29221,0,0,2026-01-16T21:39:49.064018
29225,0,0,2026-01-16T21:39:50.960978
29226,0,0,2026-01-16T21:39:53.924193
29227,0,0,2026-01-16T21:39:56.064966
29228,0,0,2026-01-16T21:39:57.782373
29229,0,0,2026-01-16T21:39:58.241053
29230,0,0,2026-01-16T21:40:00.773690
29232,0,0,2026-01-16T21:40:01.239674
29231,0,0,2026-01-16T21:40:02.427439
29234,0,0,2026-01-16T21:40:04.426243
29233,0,0,2026-01-16T21:40:05.084502
29235,0,0,2026-01-16T21:40:07.260597
29237,0,0,2026-01-16T21:40:10.431346
29236,0,0,2026-01-16T21:40:11.234375
29238,0,0,2026-01-16T21:40:12.213842
29239,0,0,2026-01-16T21:40:13.630647
29240,0,0,2026-01-16T21:40:15.191170
29241,0,0,2026-01-16T21:40:15.446809
29242,0,0,2026-01-16T21:40:16.736492
29244,0,0,2026-01-16T21:40:20.406200
29243,0,0,2026-01-16T21:40:20.866257
29245,0,0,2026-01-16T21:40:23.735627
29248,0,0,2026-01-16T21:40:24.294953
29246,0,0,2026-01-16T21:40:27.959824
29247,0,0,2026-01-16T21:40:28.830871
29249,0,0,2026-01-16T21:40:30.209088
29250,0,0,2026-01-16T21:40:32.213343
29252,0,0,2026-01-16T21:40:32.400048
29251,0,0,2026-01-16T21:40:33.714804
29253,0,0,2026-01-16T21:40:35.020623
29254,0,0,2026-01-16T21:40:36.599464
29255,0,0,2026-01-16T21:40:37.388055
29256,0,0,2026-01-16T21:40:38.257138
29257,0,0,2026-01-16T21:40:41.922365
29259,0,0,2026-01-16T21:40:44.679511
29258,0,0,2026-01-16T21:40:45.338604
29260,0,0,2026-01-16T21:40:46.783511
29262,0,0,2026-01-16T21:40:47.165580
29261,0,0,2026-01-16T21:40:47.394225
29264,0,0,2026-01-16T21:40:50.244790
29263,0,0,2026-01-16T21:40:51.111818
29265,0,0,2026-01-16T21:40:51.652020
29266,0,0,2026-01-16T21:40:52.704843
29267,0,0,2026-01-16T21:40:56.538949
29268,0,0,2026-01-16T21:41:00.875558
29269,0,0,2026-01-16T21:41:02.727233
29271,0,0,2026-01-16T21:41:03.126625
29270,0,0,2026-01-16T21:41:04.083776
29272,0,0,2026-01-16T21:41:04.536796
29273,0,0,2026-01-16T21:41:06.358819
29274,0,0,2026-01-16T21:41:08.269672
29275,0,0,2026-01-16T21:41:10.304932
29276,0,0,2026-01-16T21:41:10.810799
29277,0,0,2026-01-16T21:41:16.646202
29278,0,0,2026-01-16T21:41:19.000362
29279,0,0,2026-01-16T21:41:20.844529
29282,0,0,2026-01-16T21:41:21.121382
29280,0,0,2026-01-16T21:41:21.346602
29281,0,0,2026-01-16T21:41:21.496039
29283,38,11,2026-01-16T21:41:22.099123
29284,50,11,2026-01-16T21:41:23.322894
29285,50,11,2026-01-16T21:41:23.724635
29286,50,11,2026-01-16T21:41:24.591813
29288,50,11,2026-01-16T21:41:30.555283
29287,50,11,2026-01-16T21:41:32.785169
29289,49,11,2026-01-16T21:41:38.031447
29293,50,11,2026-01-16T21:41:38.562482
29291,50,11,2026-01-16T21:41:38.874697
29290,50,11,2026-01-16T21:41:38.920632
29294,50,11,2026-01-16T21:41:39.131536
29295,50,11,2026-01-16T21:41:39.525207
29292,50,12,2026-01-16T21:41:39.800307
29296,47,12,2026-01-16T21:41:41.167533
29298,36,12,2026-01-16T21:41:44.541239
29297,49,12,2026-01-16T21:41:46.463229
29299,6,12,2026-01-16T21:41:52.164162
29305,50,12,2026-01-16T21:41:52.368778
29300,8,12,2026-01-16T21:41:53.790081
29303,11,12,2026-01-16T21:41:54.214633
29304,43,12,2026-01-16T21:41:54.448579
29301,11,12,2026-01-16T21:41:54.744035
29302,11,12,2026-01-16T21:41:55.224250
29306,5,12,2026-01-16T21:41:55.437028
29308,0,0,2026-01-16T21:41:58.150131
29307,0,0,2026-01-16T21:41:58.604983
29310,0,0,2026-01-16T21:42:05.199433
29314,0,0,2026-01-16T21:42:07.327281
29309,0,0,2026-01-16T21:42:08.335582
29311,34,12,2026-01-16T21:42:09.055923
29313,4,12,2026-01-16T21:42:09.942104
29312,36,12,2026-01-16T21:42:10.196896
29315,0,0,2026-01-16T21:42:10.595388
29316,0,0,2026-01-16T21:42:11.351003
29317,0,0,2026-01-16T21:42:16.229739
29318,0,0,2026-01-16T21:42:16.582216
29319,0,0,2026-01-16T21:42:22.322547
29323,0,0,2026-01-16T21:42:22.673926
29320,0,0,2026-01-16T21:42:23.179874
29325,0,0,2026-01-16T21:42:23.468115
29321,0,0,2026-01-16T21:42:24.132996
29322,0,0,2026-01-16T21:42:25.059150
29324,0,0,2026-01-16T21:42:25.367331
29326,0,0,2026-01-16T21:42:26.045976
29327,1,12,2026-01-16T21:42:29.220732
29328,49,12,2026-01-16T21:42:30.343970
29329,50,12,2026-01-16T21:42:36.121625
29330,49,12,2026-01-16T21:42:36.796545
29331,46,12,2026-01-16T21:42:37.245033
29332,35,12,2026-01-16T21:42:37.752463
29333,2,12,2026-01-16T21:42:38.357912
29336,0,0,2026-01-16T21:42:38.557102
29334,0,0,2026-01-16T21:42:40.234648
29335,0,0,2026-01-16T21:42:41.076799
29337,9,12,2026-01-16T21:42:45.094782
29338,47,12,2026-01-16T21:42:45.680877
29345,0,0,2026-01-16T21:42:52.240202
29339,47,12,2026-01-16T21:42:53.021333
29340,39,12,2026-01-16T21:42:53.745928
29342,0,0,2026-01-16T21:42:54.384390
29343,0,0,2026-01-16T21:42:54.607767
29341,0,0,2026-01-16T21:42:54.824442
29344,0,0,2026-01-16T21:42:55.129043
29346,7,12,2026-01-16T21:42:56.698645
29347,49,12,2026-01-16T21:42:57.925795
29348,45,12,2026-01-16T21:43:01.942131
29350,45,12,2026-01-16T21:43:05.800519
29349,35,12,2026-01-16T21:43:06.640065
29351,48,12,2026-01-16T21:43:07.307641
29355,0,0,2026-01-16T21:43:07.961682
29353,0,0,2026-01-16T21:43:08.686608
29352,5,12,2026-01-16T21:43:08.822590
29354,0,0,2026-01-16T21:43:09.086025
29356,0,0,2026-01-16T21:43:10.013392
29357,0,0,2026-01-16T21:43:10.367801
29358,0,0,2026-01-16T21:43:16.219657
29360,0,0,2026-01-16T21:43:20.431160
29359,0,0,2026-01-16T21:43:20.782006
29362,0,0,2026-01-16T21:43:21.023676
29363,0,0,2026-01-16T21:43:21.888192
29364,0,0,2026-01-16T21:43:22.222931
29361,0,0,2026-01-16T21:43:22.419919
29365,0,0,2026-01-16T21:43:23.766357
29366,0,0,2026-01-16T21:43:23.863747
29367,0,0,2026-01-16T21:43:24.137449
29368,0,0,2026-01-16T21:43:30.922926
29371,44,12,2026-01-16T21:43:32.984272
29370,0,0,2026-01-16T21:43:37.037788
29372,48,12,2026-01-16T21:43:38.520204
29373,50,13,2026-01-16T21:43:38.850218
29369,0,0,2026-01-16T21:43:38.958991
29374,50,13,2026-01-16T21:43:39.210138
29376,37,13,2026-01-16T21:43:40.243201
29377,31,13,2026-01-16T21:43:40.388230
29375,50,13,2026-01-16T21:43:41.074918
29378,33,13,2026-01-16T21:43:45.472435
29379,46,13,2026-01-16T21:43:46.585006
29380,4,13,2026-01-16T21:43:50.648510
29381,0,0,2026-01-16T21:43:52.392376
29383,0,0,2026-01-16T21:43:52.698738
29382,0,0,2026-01-16T21:43:53.485394
29386,0,0,2026-01-16T21:43:53.811351
29384,0,0,2026-01-16T21:43:54.073712
29385,0,0,2026-01-16T21:43:54.265645
29387,0,0,2026-01-16T21:43:55.459294
29388,0,0,2026-01-16T21:43:59.844361
29389,0,0,2026-01-16T21:44:02.878834
29390,0,0,2026-01-16T21:44:05.666327
29396,0,0,2026-01-16T21:44:05.863147
29391,0,0,2026-01-16T21:44:07.938890
29392,0,0,2026-01-16T21:44:09.292293
29393,0,0,2026-01-16T21:44:10.261871
29394,0,0,2026-01-16T21:44:10.796264
29395,0,0,2026-01-16T21:44:11.075231
29397,0,0,2026-01-16T21:44:13.506944
29398,0,0,2026-01-16T21:44:14.657922
29399,0,0,2026-01-16T21:44:16.318701
29401,0,0,2026-01-16T21:44:19.898900
29400,0,0,2026-01-16T21:44:21.780556
29402,0,0,2026-01-16T21:44:26.437983
29403,0,0,2026-01-16T21:44:28.179409
29404,0,0,2026-01-16T21:44:29.816223
29406,0,0,2026-01-16T21:44:30.704559
29405,0,0,2026-01-16T21:44:31.290229
29408,0,0,2026-01-16T21:44:33.241105
29407,0,0,2026-01-16T21:44:34.243754
29409,0,0,2026-01-16T21:44:34.875452
29410,0,0,2026-01-16T21:44:37.542431
29411,0,0,2026-01-16T21:44:39.046763
29412,0,0,2026-01-16T21:44:41.991830
29413,0,0,2026-01-16T21:44:42.601993
29414,0,0,2026-01-16T21:44:44.068255
29416,0,0,2026-01-16T21:44:44.626419
29415,0,0,2026-01-16T21:44:44.950395
29417,0,0,2026-01-16T21:44:49.209541
29418,0,0,2026-01-16T21:44:49.562214
29419,0,0,2026-01-16T21:44:50.092003
29420,0,0,2026-01-16T21:44:51.235051
29421,0,0,2026-01-16T21:44:54.110171
29426,0,0,2026-01-16T21:44:58.187747
29422,0,0,2026-01-16T21:44:58.938107
29423,0,0,2026-01-16T21:44:59.221727
29424,0,0,2026-01-16T21:45:00.120424
29425,0,0,2026-01-16T21:45:03.577502
29427,0,0,2026-01-16T21:45:05.920383
29431,0,0,2026-01-16T21:45:06.228197
29428,0,0,2026-01-16T21:45:06.497767
29429,0,0,2026-01-16T21:45:07.338682
29430,0,0,2026-01-16T21:45:09.223077
29432,0,0,2026-01-16T21:45:13.795159
29434,38,13,2026-01-16T21:45:14.386347
29435,50,13,2026-01-16T21:45:14.913789
29433,0,0,2026-01-16T21:45:15.122882
29436,49,13,2026-01-16T21:45:17.975042
29439,42,13,2026-01-16T21:45:19.616900
29438,50,13,2026-01-16T21:45:19.889166
29437,50,13,2026-01-16T21:45:20.167287
29440,50,13,2026-01-16T21:45:21.768437
29441,50,13,2026-01-16T21:45:25.480579
29442,50,13,2026-01-16T21:45:29.611551
29443,50,13,2026-01-16T21:45:31.642898
29444,50,13,2026-01-16T21:45:32.060000
29445,50,13,2026-01-16T21:45:32.773815
29446,49,13,2026-01-16T21:45:35.957501
29448,30,14,2026-01-16T21:45:37.407015
29449,50,14,2026-01-16T21:45:37.643954
29447,24,14,2026-01-16T21:45:37.831915
29450,37,14,2026-01-16T21:45:38.861956
29451,9,14,2026-01-16T21:45:41.918177
29452,11,14,2026-01-16T21:45:43.907555
29453,9,14,2026-01-16T21:45:44.094688
29454,35,14,2026-01-16T21:45:46.165710
29455,18,14,2026-01-16T21:45:47.273979
29457,46,14,2026-01-16T21:45:50.214165
29456,19,14,2026-01-16T21:45:50.919550
29458,46,14,2026-01-16T21:45:51.228897
29459,5,14,2026-01-16T21:45:52.084826
29460,0,0,2026-01-16T21:45:54.147849
29461,0,0,2026-01-16T21:45:55.129877
29462,0,0,2026-01-16T21:45:58.252323
29463,0,0,2026-01-16T21:45:59.474039
29464,37,14,2026-01-16T21:46:01.198023
29465,38,14,2026-01-16T21:46:02.004126
29468,0,0,2026-01-16T21:46:03.354944
29466,0,0,2026-01-16T21:46:04.459527
29467,0,0,2026-01-16T21:46:04.768503
29469,0,0,2026-01-16T21:46:06.275532
29470,0,0,2026-01-16T21:46:08.490433
29471,0,0,2026-01-16T21:46:10.027103
29472,0,0,2026-01-16T21:46:12.979889
29475,0,0,2026-01-16T21:46:13.737835
29473,0,0,2026-01-16T21:46:15.193440
29476,0,0,2026-01-16T21:46:15.397200
29474,0,0,2026-01-16T21:46:16.280320
29477,0,0,2026-01-16T21:46:18.255889
29478,0,0,2026-01-16T21:46:18.679556
29479,0,0,2026-01-16T21:46:18.911041
29480,41,14,2026-01-16T21:46:22.597789
29481,47,14,2026-01-16T21:46:24.079590
29483,40,14,2026-01-16T21:46:27.058181
29484,33,14,2026-01-16T21:46:27.455449
29482,50,14,2026-01-16T21:46:27.742223
29486,17,14,2026-01-16T21:46:29.322432
29485,47,14,2026-01-16T21:46:29.515693
29487,0,0,2026-01-16T21:46:33.005386
29488,0,0,2026-01-16T21:46:33.378368
29489,0,0,2026-01-16T21:46:33.613878
29490,0,0,2026-01-16T21:46:36.619449
29491,0,0,2026-01-16T21:46:37.286506
29493,46,14,2026-01-16T21:46:39.315974
29494,44,14,2026-01-16T21:46:41.400449
29492,40,14,2026-01-16T21:46:42.614821
29495,46,14,2026-01-16T21:46:43.054413
29496,26,14,2026-01-16T21:46:44.192557
29498,0,0,2026-01-16T21:46:50.191960
29497,0,0,2026-01-16T21:46:50.544984
29499,0,0,2026-01-16T21:46:51.013368
29500,0,0,2026-01-16T21:46:54.394804
29501,0,0,2026-01-16T21:46:54.752088
29502,29,14,2026-01-16T21:46:57.465710
29503,50,14,2026-01-16T21:46:59.830932
29505,47,14,2026-01-16T21:47:00.617003
29506,22,14,2026-01-16T21:47:01.028324
29504,37,15,2026-01-16T21:47:01.238311
29507,0,0,2026-01-16T21:47:02.009308
29508,0,0,2026-01-16T21:47:03.793583
29509,0,0,2026-01-16T21:47:05.395641
29511,22,15,2026-01-16T21:47:09.183604
29510,0,0,2026-01-16T21:47:09.890958
29512,46,15,2026-01-16T21:47:10.985076
29514,47,15,2026-01-16T21:47:13.488975
29513,47,15,2026-01-16T21:47:14.417555
29515,0,0,2026-01-16T21:47:15.472775
29516,0,0,2026-01-16T21:47:16.282156
29517,10,15,2026-01-16T21:47:16.657993
29518,47,15,2026-01-16T21:47:19.157693
29519,47,15,2026-01-16T21:47:20.348883
29521,0,0,2026-01-16T21:47:21.668500
29520,25,15,2026-01-16T21:47:22.876456
29522,0,0,2026-01-16T21:47:25.146256
29523,0,0,2026-01-16T21:47:27.989960
29524,0,0,2026-01-16T21:47:29.818568
29527,0,0,2026-01-16T21:47:30.138566
29526,0,0,2026-01-16T21:47:30.388208
29525,0,0,2026-01-16T21:47:30.640024
29528,0,0,2026-01-16T21:47:32.786306
29529,0,0,2026-01-16T21:47:33.720578
29531,50,15,2026-01-16T21:47:36.569426
29530,12,15,2026-01-16T21:47:37.728635
29532,50,15,2026-01-16T21:47:39.047370
29533,40,15,2026-01-16T21:47:42.307955
29537,0,0,2026-01-16T21:47:43.566189
29535,40,15,2026-01-16T21:47:45.578109
29534,47,15,2026-01-16T21:47:45.759748
29536,0,0,2026-01-16T21:47:46.090927
29538,0,0,2026-01-16T21:47:46.559540
29539,0,0,2026-01-16T21:47:47.970910
29540,0,0,2026-01-16T21:47:50.695835
29541,0,0,2026-01-16T21:47:51.637461
29542,0,0,2026-01-16T21:47:53.417828
29543,0,0,2026-01-16T21:47:56.585856
29544,0,0,2026-01-16T21:47:57.297938
29545,0,0,2026-01-16T21:47:58.363559
29547,0,0,2026-01-16T21:47:59.944546
29546,0,0,2026-01-16T21:48:00.336032
29548,35,15,2026-01-16T21:48:01.310333
29549,50,15,2026-01-16T21:48:01.875932
29550,48,15,2026-01-16T21:48:02.360075
29551,38,15,2026-01-16T21:48:06.125865
29552,42,15,2026-01-16T21:48:07.657438
29553,0,0,2026-01-16T21:48:11.023354
29554,0,0,2026-01-16T21:48:11.683580
29555,0,0,2026-01-16T21:48:12.482236
29557,0,0,2026-01-16T21:48:13.978318
29556,0,0,2026-01-16T21:48:14.504869
29558,0,0,2026-01-16T21:48:15.058559
29559,0,0,2026-01-16T21:48:15.943400
29560,0,0,2026-01-16T21:48:16.148834
29562,0,0,2026-01-16T21:48:20.561403
29561,0,0,2026-01-16T21:48:23.585313
29566,0,0,2026-01-16T21:48:26.092245
29563,0,0,2026-01-16T21:48:29.067381
29564,0,0,2026-01-16T21:48:30.064768
29565,0,0,2026-01-16T21:48:30.443759
29567,0,0,2026-01-16T21:48:33.887044
29568,0,0,2026-01-16T21:48:34.199605
29570,0,0,2026-01-16T21:48:34.798460
29569,0,0,2026-01-16T21:48:36.576358
29571,0,0,2026-01-16T21:48:37.868543
29572,0,0,2026-01-16T21:48:38.542171
29573,0,0,2026-01-16T21:48:41.272464
29576,0,0,2026-01-16T21:48:44.679273
29574,0,0,2026-01-16T21:48:44.932159
29575,0,0,2026-01-16T21:48:45.422590
29577,0,0,2026-01-16T21:48:47.475076
29578,0,0,2026-01-16T21:48:47.654701
29579,0,0,2026-01-16T21:48:49.221271
29580,0,0,2026-01-16T21:48:49.458370
29581,0,0,2026-01-16T21:48:50.744712
29582,0,0,2026-01-16T21:48:55.765584
29583,0,0,2026-01-16T21:48:58.877278
29586,0,0,2026-01-16T21:49:03.140046
29584,0,0,2026-01-16T21:49:04.036539
29585,0,0,2026-01-16T21:49:04.063218
29587,0,0,2026-01-16T21:49:07.046485
29588,0,0,2026-01-16T21:49:07.885183
29590,0,0,2026-01-16T21:49:08.071922
29589,0,0,2026-01-16T21:49:08.535791
29591,0,0,2026-01-16T21:49:09.294996
29592,0,0,2026-01-16T21:49:10.596146
29593,0,0,2026-01-16T21:49:14.044584
29595,0,0,2026-01-16T21:49:18.160729
29594,0,0,2026-01-16T21:49:18.754819
29596,0,0,2026-01-16T21:49:18.755164
29599,48,15,2026-01-16T21:49:20.763273
29597,0,0,2026-01-16T21:49:21.613431
29601,50,15,2026-01-16T21:49:22.384072
29598,36,15,2026-01-16T21:49:22.899021
29600,42,15,2026-01-16T21:49:23.148439
29602,50,16,2026-01-16T21:49:24.533937
29603,50,16,2026-01-16T21:49:27.554103
29604,50,16,2026-01-16T21:49:32.770793
29605,50,16,2026-01-16T21:49:32.998689
29606,49,16,2026-01-16T21:49:34.054574
29608,49,16,2026-01-16T21:49:36.357249
29607,50,16,2026-01-16T21:49:36.655513
29611,50,16,2026-01-16T21:49:37.070945
29609,46,16,2026-01-16T21:49:37.573649
29610,37,16,2026-01-16T21:49:38.099231
29612,31,16,2026-01-16T21:49:38.596683
29613,8,16,2026-01-16T21:49:41.442281
29614,9,16,2026-01-16T21:49:46.199775
29615,10,16,2026-01-16T21:49:46.536933
29616,15,16,2026-01-16T21:49:48.992476
29618,8,16,2026-01-16T21:49:49.329620
29617,20,16,2026-01-16T21:49:50.168197
29619,33,16,2026-01-16T21:49:51.178253
29622,0,0,2026-01-16T21:49:53.051407
29620,31,16,2026-01-16T21:49:53.448916
29621,0,0,2026-01-16T21:49:53.832640
29623,0,0,2026-01-16T21:49:54.471559
29624,0,0,2026-01-16T21:50:00.209901
29625,0,0,2026-01-16T21:50:01.644162
29627,4,16,2026-01-16T21:50:02.409338
29626,0,0,2026-01-16T21:50:04.944586
29628,50,16,2026-01-16T21:50:05.456590
29629,50,16,2026-01-16T21:50:05.637132
29630,50,16,2026-01-16T21:50:07.267747
29631,41,16,2026-01-16T21:50:07.933290
29632,4,16,2026-01-16T21:50:08.798385
29633,0,0,2026-01-16T21:50:09.561735
29634,18,16,2026-01-16T21:50:14.733743
29635,0,0,2026-01-16T21:50:15.812274
29636,0,0,2026-01-16T21:50:16.228056
29637,0,0,2026-01-16T21:50:18.122621
29638,0,0,2026-01-16T21:50:19.406928
29639,0,0,2026-01-16T21:50:20.122111
29640,0,0,2026-01-16T21:50:22.008664
29641,38,16,2026-01-16T21:50:22.740562
29642,38,16,2026-01-16T21:50:23.777067
29643,1,16,2026-01-16T21:50:24.400126
29644,0,0,2026-01-16T21:50:30.172252
29645,0,0,2026-01-16T21:50:32.972696
29646,0,0,2026-01-16T21:50:33.238536
29647,0,0,2026-01-16T21:50:36.346720
29648,0,0,2026-01-16T21:50:38.143444
29649,0,0,2026-01-16T21:50:38.191504
29650,0,0,2026-01-16T21:50:39.029143
29651,0,0,2026-01-16T21:50:39.569750
29653,0,0,2026-01-16T21:50:41.533385
29652,0,0,2026-01-16T21:50:41.789899
29656,0,0,2026-01-16T21:50:44.966750
29654,0,0,2026-01-16T21:50:46.944796
29655,0,0,2026-01-16T21:50:47.488304
29657,0,0,2026-01-16T21:50:50.500743
29659,40,16,2026-01-16T21:50:51.827418
29658,0,0,2026-01-16T21:50:52.474376
29661,50,16,2026-01-16T21:50:53.427573
29660,50,17,2026-01-16T21:50:53.673232
29662,49,17,2026-01-16T21:50:54.139566
29663,40,17,2026-01-16T21:50:57.149606
29666,47,17,2026-01-16T21:51:00.982167
29664,43,17,2026-01-16T21:51:01.342224
29665,45,17,2026-01-16T21:51:01.486470
29667,21,17,2026-01-16T21:51:04.124362
29672,0,0,2026-01-16T21:51:05.828087
29669,0,0,2026-01-16T21:51:07.850913
29668,0,0,2026-01-16T21:51:07.930958
29670,0,0,2026-01-16T21:51:08.409908
29671,0,0,2026-01-16T21:51:08.589251
29673,0,0,2026-01-16T21:51:11.300019
29675,46,17,2026-01-16T21:51:12.793417
29674,43,17,2026-01-16T21:51:14.750893
29676,47,17,2026-01-16T21:51:15.230564
29677,22,17,2026-01-16T21:51:18.439005
29678,0,0,2026-01-16T21:51:19.743815
29681,24,17,2026-01-16T21:51:21.570968
29680,0,0,2026-01-16T21:51:21.965262
29682,42,17,2026-01-16T21:51:22.284602
29679,0,0,2026-01-16T21:51:22.452059
29683,47,17,2026-01-16T21:51:24.948311
29686,0,0,2026-01-16T21:51:27.914840
29684,20,17,2026-01-16T21:51:30.028996
29685,0,0,2026-01-16T21:51:31.639715
29687,0,0,2026-01-16T21:51:35.298613
29688,0,0,2026-01-16T21:51:36.498913
29689,0,0,2026-01-16T21:51:38.062898
29690,0,0,2026-01-16T21:51:38.807685
29691,0,0,2026-01-16T21:51:38.849830
29692,0,0,2026-01-16T21:51:40.403818
29693,0,0,2026-01-16T21:51:41.783452
29694,33,17,2026-01-16T21:51:42.061413
29695,50,17,2026-01-16T21:51:44.337949
29696,45,17,2026-01-16T21:51:45.537720
29697,44,17,2026-01-16T21:51:49.784319
29698,47,17,2026-01-16T21:51:50.044885
29699,7,17,2026-01-16T21:51:51.387664
29700,0,0,2026-01-16T21:51:53.854224
29701,0,0,2026-01-16T21:51:54.461306
29704,0,0,2026-01-16T21:51:54.487822
29702,0,0,2026-01-16T21:51:55.566920
29703,0,0,2026-01-16T21:51:55.885753
29705,0,0,2026-01-16T21:51:58.518527
29706,0,0,2026-01-16T21:51:59.852632
29708,0,0,2026-01-16T21:52:02.964083
29707,0,0,2026-01-16T21:52:04.552223
29709,0,0,2026-01-16T21:52:05.113742
29710,0,0,2026-01-16T21:52:07.398884
29712,0,0,2026-01-16T21:52:07.778259
29711,0,0,2026-01-16T21:52:08.609599
29714,0,0,2026-01-16T21:52:09.214135
29713,0,0,2026-01-16T21:52:10.028425
29715,0,0,2026-01-16T21:52:12.465760
29716,0,0,2026-01-16T21:52:12.676312
29717,0,0,2026-01-16T21:52:17.439396
29718,0,0,2026-01-16T21:52:18.104155
29719,0,0,2026-01-16T21:52:19.382090
29721,0,0,2026-01-16T21:52:20.920358
29720,0,0,2026-01-16T21:52:21.834999
29724,0,0,2026-01-16T21:52:22.873454
29722,0,0,2026-01-16T21:52:22.950445
29723,0,0,2026-01-16T21:52:23.208703
29726,0,0,2026-01-16T21:52:27.773369
29725,0,0,2026-01-16T21:52:28.059112
29727,0,0,2026-01-16T21:52:33.410606
29728,0,0,2026-01-16T21:52:34.523852
29729,0,0,2026-01-16T21:52:36.439597
29730,0,0,2026-01-16T21:52:38.117991
29731,0,0,2026-01-16T21:52:38.453559
29732,0,0,2026-01-16T21:52:39.349375
29734,0,0,2026-01-16T21:52:39.655177
29733,0,0,2026-01-16T21:52:39.973402
29735,0,0,2026-01-16T21:52:40.201751
29736,0,0,2026-01-16T21:52:42.836244
29737,0,0,2026-01-16T21:52:49.592256
29738,0,0,2026-01-16T21:52:50.758101
29739,0,0,2026-01-16T21:52:53.997055
29740,0,0,2026-01-16T21:52:55.626568
29741,0,0,2026-01-16T21:52:56.309737
29743,0,0,2026-01-16T21:52:57.580356
29745,0,0,2026-01-16T21:52:57.847752
29742,0,0,2026-01-16T21:52:58.118430
29744,0,0,2026-01-16T21:52:59.002367
29746,0,0,2026-01-16T21:52:59.390265
29747,0,0,2026-01-16T21:53:04.507037
29748,0,0,2026-01-16T21:53:06.617049
29749,0,0,2026-01-16T21:53:07.820740
29750,0,0,2026-01-16T21:53:11.045968
29756,50,17,2026-01-16T21:53:11.449570
29751,0,0,2026-01-16T21:53:12.184454
29752,0,0,2026-01-16T21:53:13.185927
29754,49,17,2026-01-16T21:53:13.417220
29753,2,17,2026-01-16T21:53:13.733763
29755,50,18,2026-01-16T21:53:14.049068
29757,50,18,2026-01-16T21:53:23.352266
29758,50,18,2026-01-16T21:53:25.204034
29759,50,18,2026-01-16T21:53:26.031179
29760,50,18,2026-01-16T21:53:31.081854
29761,50,18,2026-01-16T21:53:31.539339
29762,50,18,2026-01-16T21:53:31.831844
29765,50,18,2026-01-16T21:53:32.033243
29764,50,18,2026-01-16T21:53:32.193543
29766,50,18,2026-01-16T21:53:32.454850
29763,50,18,2026-01-16T21:53:32.806467
29769,14,18,2026-01-16T21:53:38.647882
29767,50,18,2026-01-16T21:53:39.147890
29768,36,18,2026-01-16T21:53:39.504639
29770,10,18,2026-01-16T21:53:47.349027
29771,28,18,2026-01-16T21:53:48.607473
29772,39,18,2026-01-16T21:53:49.558996
29775,0,0,2026-01-16T21:53:50.055170
29774,2,18,2026-01-16T21:53:50.345489
29773,37,18,2026-01-16T21:53:50.628082
29776,0,0,2026-01-16T21:53:51.023517
29777,0,0,2026-01-16T21:53:55.175589
29779,50,18,2026-01-16T21:53:55.980700
29778,1,18,2026-01-16T21:53:56.206438
29780,43,18,2026-01-16T21:54:01.091313
29782,0,0,2026-01-16T21:54:02.371788
29781,0,0,2026-01-16T21:54:03.233727
29783,0,0,2026-01-16T21:54:03.932343
29784,0,0,2026-01-16T21:54:04.441336
29785,0,0,2026-01-16T21:54:04.717137
29786,0,0,2026-01-16T21:54:04.947684
29790,0,0,2026-01-16T21:54:12.608675
29788,0,0,2026-01-16T21:54:13.001119
29787,0,0,2026-01-16T21:54:13.139922
29789,0,0,2026-01-16T21:54:13.325596
29791,0,0,2026-01-16T21:54:19.272900
29792,0,0,2026-01-16T21:54:19.901465
29793,0,0,2026-01-16T21:54:20.549876
29795,0,0,2026-01-16T21:54:22.566081
29796,0,0,2026-01-16T21:54:23.275338
29794,0,0,2026-01-16T21:54:23.539989
29797,0,0,2026-01-16T21:54:25.478724
29799,0,0,2026-01-16T21:54:27.188757
29800,0,0,2026-01-16T21:54:27.696386
29798,0,0,2026-01-16T21:54:28.320794
29803,0,0,2026-01-16T21:54:33.082722
29802,0,0,2026-01-16T21:54:34.498336
29801,0,0,2026-01-16T21:54:34.639538
29804,0,0,2026-01-16T21:54:37.218023
29805,0,0,2026-01-16T21:54:38.473263
29806,0,0,2026-01-16T21:54:38.801112
29807,0,0,2026-01-16T21:54:40.694961
29808,13,18,2026-01-16T21:54:42.964336
29810,50,18,2026-01-16T21:54:42.966729
29809,49,18,2026-01-16T21:54:43.236437
29812,50,18,2026-01-16T21:54:46.750362
29811,50,19,2026-01-16T21:54:49.106201
29813,40,19,2026-01-16T21:54:51.544711
29814,50,19,2026-01-16T21:54:51.833522
29815,45,19,2026-01-16T21:54:55.232645
29816,39,19,2026-01-16T21:54:55.279952
29817,0,0,2026-01-16T21:54:55.923348
29821,19,19,2026-01-16T21:54:58.887952
29818,0,0,2026-01-16T21:54:59.900714
29819,0,0,2026-01-16T21:55:00.436902
29822,48,19,2026-01-16T21:55:00.820994
29820,0,0,2026-01-16T21:55:01.341904
29824,49,19,2026-01-16T21:55:06.291015
29823,46,19,2026-01-16T21:55:07.511326
29825,12,19,2026-01-16T21:55:08.708225
29826,0,0,2026-01-16T21:55:10.497068
29828,0,0,2026-01-16T21:55:11.496409
29827,0,0,2026-01-16T21:55:11.582438
29831,4,19,2026-01-16T21:55:13.530360
29830,0,0,2026-01-16T21:55:13.862282
29829,0,0,2026-01-16T21:55:14.332698
29832,50,19,2026-01-16T21:55:15.189528
29833,44,19,2026-01-16T21:55:19.334032
29834,44,19,2026-01-16T21:55:21.255206
29835,48,19,2026-01-16T21:55:23.695782
29838,0,0,2026-01-16T21:55:24.149591
29836,7,19,2026-01-16T21:55:25.605969
29837,0,0,2026-01-16T21:55:26.261219
29842,0,0,2026-01-16T21:55:27.556852
29839,0,0,2026-01-16T21:55:28.906085
29840,0,0,2026-01-16T21:55:28.998342
29841,0,0,2026-01-16T21:55:29.410845
29843,0,0,2026-01-16T21:55:35.873377
29844,0,0,2026-01-16T21:55:36.279194
29845,0,0,2026-01-16T21:55:37.701416
29846,0,0,2026-01-16T21:55:38.416366
29848,0,0,2026-01-16T21:55:38.926646
29847,0,0,2026-01-16T21:55:39.157632
29849,44,19,2026-01-16T21:55:42.688750
29851,34,19,2026-01-16T21:55:43.495777
29850,50,19,2026-01-16T21:55:43.660141
29852,10,19,2026-01-16T21:55:44.067413
29854,39,19,2026-01-16T21:55:47.763011
29853,32,19,2026-01-16T21:55:51.624921
29857,0,0,2026-01-16T21:55:52.130309
29855,49,19,2026-01-16T21:55:55.237301
29856,22,19,2026-01-16T21:55:55.823799
29858,0,0,2026-01-16T21:55:57.374287
29862,0,0,2026-01-16T21:55:58.456167
29859,0,0,2026-01-16T21:55:59.414470
29860,0,0,2026-01-16T21:55:59.904836
29861,0,0,2026-01-16T21:56:00.302189
29863,0,0,2026-01-16T21:56:02.772071
29864,0,0,2026-01-16T21:56:03.740802
29866,0,0,2026-01-16T21:56:07.138183
29865,0,0,2026-01-16T21:56:07.388705
29867,0,0,2026-01-16T21:56:09.890389
29868,0,0,2026-01-16T21:56:11.391183
29870,0,0,2026-01-16T21:56:12.349340
29869,0,0,2026-01-16T21:56:12.743878
29871,0,0,2026-01-16T21:56:14.305266
29872,0,0,2026-01-16T21:56:14.716690
29873,0,0,2026-01-16T21:56:15.185663
29874,0,0,2026-01-16T21:56:16.234477
29876,0,0,2026-01-16T21:56:23.494922
29875,0,0,2026-01-16T21:56:23.735268
29877,0,0,2026-01-16T21:56:24.397873
29878,0,0,2026-01-16T21:56:26.529767
29879,0,0,2026-01-16T21:56:27.768309
29881,0,0,2026-01-16T21:56:28.321527
29880,0,0,2026-01-16T21:56:28.725376
29882,0,0,2026-01-16T21:56:31.297635
29883,0,0,2026-01-16T21:56:31.561663
29884,0,0,2026-01-16T21:56:33.716836
29885,0,0,2026-01-16T21:56:35.434386
29887,0,0,2026-01-16T21:56:38.017361
29886,0,0,2026-01-16T21:56:39.603277
29888,0,0,2026-01-16T21:56:42.945525
29891,0,0,2026-01-16T21:56:43.279879
29890,0,0,2026-01-16T21:56:43.704834
29889,0,0,2026-01-16T21:56:43.996698
29892,0,0,2026-01-16T21:56:45.685644
29894,0,0,2026-01-16T21:56:45.964949
29893,0,0,2026-01-16T21:56:46.228207
29895,0,0,2026-01-16T21:56:50.813040
29896,0,0,2026-01-16T21:56:51.259599
29897,0,0,2026-01-16T21:56:56.221707
29899,0,0,2026-01-16T21:56:58.752036
29900,0,0,2026-01-16T21:56:59.037305
29898,0,0,2026-01-16T21:57:01.507218
29901,0,0,2026-01-16T21:57:01.960156
29902,0,0,2026-01-16T21:57:02.620794
29904,0,0,2026-01-16T21:57:04.048166
29903,0,0,2026-01-16T21:57:04.348631
29906,0,0,2026-01-16T21:57:07.983727
29905,0,0,2026-01-16T21:57:08.353235
29911,49,19,2026-01-16T21:57:12.756629
29907,0,0,2026-01-16T21:57:13.751735
29908,0,0,2026-01-16T21:57:16.125942
29909,0,0,2026-01-16T21:57:16.324063
29910,22,19,2026-01-16T21:57:17.877201
29912,47,19,2026-01-16T21:57:19.777107
29914,50,19,2026-01-16T21:57:20.681568
29913,49,19,2026-01-16T21:57:21.863927
29915,50,20,2026-01-16T21:57:22.515446
29916,50,20,2026-01-16T21:57:23.495455
29917,50,20,2026-01-16T21:57:26.919269
29919,50,20,2026-01-16T21:57:28.099026
29918,50,20,2026-01-16T21:57:28.274313
29920,50,20,2026-01-16T21:57:31.345363
29921,50,20,2026-01-16T21:57:34.802008
29922,50,20,2026-01-16T21:57:38.631406
29923,42,20,2026-01-16T21:57:40.251089
29926,31,20,2026-01-16T21:57:41.637224
29925,49,20,2026-01-16T21:57:41.777444
29924,50,20,2026-01-16T21:57:42.272140
29927,32,20,2026-01-16T21:57:45.877281
29928,38,20,2026-01-16T21:57:46.474980
29929,17,20,2026-01-16T21:57:47.459645
29930,0,0,2026-01-16T21:57:49.605502
29931,0,0,2026-01-16T21:57:49.832143
29932,0,0,2026-01-16T21:57:54.815045
29934,50,20,2026-01-16T21:57:55.051747
29933,18,20,2026-01-16T21:57:57.062904
29935,50,20,2026-01-16T21:57:58.791125
29936,21,20,2026-01-16T21:57:59.026986
29937,0,0,2026-01-16T21:58:03.505703
29938,0,0,2026-01-16T21:58:03.982313
29939,0,0,2026-01-16T21:58:07.237312
29940,0,0,2026-01-16T21:58:10.348281
29941,0,0,2026-01-16T21:58:11.469848
29943,0,0,2026-01-16T21:58:13.483238
29942,0,0,2026-01-16T21:58:15.214725
29944,0,0,2026-01-16T21:58:16.709476
29945,0,0,2026-01-16T21:58:17.569059
29946,0,0,2026-01-16T21:58:17.894434
29947,41,20,2026-01-16T21:58:19.023856
29948,33,20,2026-01-16T21:58:19.284979
29950,1,20,2026-01-16T21:58:23.095760
29949,2,20,2026-01-16T21:58:23.131587
29952,0,0,2026-01-16T21:58:25.408789
29951,0,0,2026-01-16T21:58:26.500005
29953,0,0,2026-01-16T21:58:34.980921
29956,0,0,2026-01-16T21:58:38.108201
29954,0,0,2026-01-16T21:58:38.304641
29957,0,0,2026-01-16T21:58:38.675385
29955,0,0,2026-01-16T21:58:38.877328
29958,0,0,2026-01-16T21:58:39.342936
29959,0,0,2026-01-16T21:58:42.954183
29960,0,0,2026-01-16T21:58:43.682371
29961,28,20,2026-01-16T21:58:43.878136
29962,50,21,2026-01-16T21:58:44.207691
29963,50,21,2026-01-16T21:58:46.347118
29965,42,21,2026-01-16T21:58:50.979980
29964,49,21,2026-01-16T21:58:51.127205
29967,50,21,2026-01-16T21:58:52.274096
29966,49,21,2026-01-16T21:58:52.421951
29968,35,21,2026-01-16T21:58:52.740858
29969,0,0,2026-01-16T21:58:55.391389
29971,0,0,2026-01-16T21:58:56.556953
29970,0,0,2026-01-16T21:58:58.624591
29972,0,0,2026-01-16T21:58:59.108676
29973,0,0,2026-01-16T21:59:00.317361
29974,0,0,2026-01-16T21:59:04.769513
29977,40,21,2026-01-16T21:59:05.318866
29975,4,21,2026-01-16T21:59:05.642593
29976,50,21,2026-01-16T21:59:06.716450
29978,43,21,2026-01-16T21:59:07.054813
29979,0,0,2026-01-16T21:59:10.452663
29980,0,0,2026-01-16T21:59:12.052081
29981,0,0,2026-01-16T21:59:14.960709
29982,0,0,2026-01-16T21:59:16.202260
29983,11,21,2026-01-16T21:59:16.946232
29986,38,21,2026-01-16T21:59:23.739834
29985,47,21,2026-01-16T21:59:23.947309
29984,49,21,2026-01-16T21:59:24.205416
29988,39,21,2026-01-16T21:59:24.836881
29987,44,21,2026-01-16T21:59:24.994324
29989,0,0,2026-01-16T21:59:26.828611
29990,0,0,2026-01-16T21:59:28.159500
29992,0,0,2026-01-16T21:59:28.466608
29993,0,0,2026-01-16T21:59:31.790954
29991,0,0,2026-01-16T21:59:32.181071
29995,0,0,2026-01-16T21:59:35.480849
29994,0,0,2026-01-16T21:59:39.621348
29997,0,0,2026-01-16T21:59:39.801431
29996,0,0,2026-01-16T21:59:40.268854
29998,0,0,2026-01-16T21:59:40.468401
29999,18,21,2026-01-16T21:59:40.599152
30000,49,21,2026-01-16T21:59:41.965368
30001,50,21,2026-01-16T21:59:42.440155
30003,44,21,2026-01-16T21:59:46.268585
30002,47,21,2026-01-16T21:59:47.346937
30004,50,21,2026-01-16T21:59:48.582129
30005,41,21,2026-01-16T21:59:55.531569
30006,45,22,2026-01-16T21:59:55.726470
30008,0,0,2026-01-16T21:59:57.864437
30007,35,22,2026-01-16T21:59:58.115006
30009,0,0,2026-01-16T21:59:58.460043
30011,0,0,2026-01-16T21:59:59.125908
30010,0,0,2026-01-16T21:59:59.372727
30012,0,0,2026-01-16T22:00:02.318118
30013,0,0,2026-01-16T22:00:04.459484
30014,0,0,2026-01-16T22:00:04.733271
30019,0,0,2026-01-16T22:00:09.663143
30018,0,0,2026-01-16T22:00:11.424711
30015,0,0,2026-01-16T22:00:11.601074
30016,0,0,2026-01-16T22:00:12.148831
30017,0,0,2026-01-16T22:00:14.720640
30020,0,0,2026-01-16T22:00:16.450730
30021,0,0,2026-01-16T22:00:16.604308
30022,0,0,2026-01-16T22:00:18.843851
30023,0,0,2026-01-16T22:00:20.238643
30024,0,0,2026-01-16T22:00:20.816087
30025,0,0,2026-01-16T22:00:25.092359
30026,0,0,2026-01-16T22:00:25.404821
30027,0,0,2026-01-16T22:00:25.786640
30028,0,0,2026-01-16T22:00:26.042146
30029,0,0,2026-01-16T22:00:27.575312
30030,0,0,2026-01-16T22:00:31.123693
30031,0,0,2026-01-16T22:00:32.055792
30032,0,0,2026-01-16T22:00:33.443964
30033,0,0,2026-01-16T22:00:34.624075
30034,0,0,2026-01-16T22:00:35.054712
30035,0,0,2026-01-16T22:00:37.588337
30038,0,0,2026-01-16T22:00:38.104412
30037,0,0,2026-01-16T22:00:41.530150
30036,0,0,2026-01-16T22:00:41.836835
30039,0,0,2026-01-16T22:00:44.393340
30040,0,0,2026-01-16T22:00:45.195612
30041,0,0,2026-01-16T22:00:46.660615
30042,0,0,2026-01-16T22:00:48.006721
30043,0,0,2026-01-16T22:00:49.609987
30045,0,0,2026-01-16T22:00:49.977518
30044,0,0,2026-01-16T22:00:50.279797
30046,0,0,2026-01-16T22:00:50.502981
30047,0,0,2026-01-16T22:00:56.822250
30048,0,0,2026-01-16T22:00:57.063873
30051,0,0,2026-01-16T22:01:00.536084
30049,0,0,2026-01-16T22:01:00.731298
30050,0,0,2026-01-16T22:01:00.891024
30053,0,0,2026-01-16T22:01:01.921424
30052,0,0,2026-01-16T22:01:02.165980
30056,0,0,2026-01-16T22:01:03.437714
30054,0,0,2026-01-16T22:01:03.781451
30055,0,0,2026-01-16T22:01:04.072884
30057,0,0,2026-01-16T22:01:12.242533
30058,0,0,2026-01-16T22:01:13.782875
30061,0,0,2026-01-16T22:01:19.226029
30059,0,0,2026-01-16T22:01:19.514370
30062,0,0,2026-01-16T22:01:20.087544
30060,0,0,2026-01-16T22:01:20.344167
30063,0,0,2026-01-16T22:01:20.657232
30064,0,0,2026-01-16T22:01:21.702263
30065,0,0,2026-01-16T22:01:21.972777
30066,0,0,2026-01-16T22:01:22.377350
30067,0,0,2026-01-16T22:01:23.512461
30068,0,0,2026-01-16T22:01:29.401787
30074,50,22,2026-01-16T22:01:33.648364
30072,0,0,2026-01-16T22:01:33.818047
30073,7,22,2026-01-16T22:01:34.172577
30070,0,0,2026-01-16T22:01:34.619946
30071,0,0,2026-01-16T22:01:34.644060
30075,48,22,2026-01-16T22:01:34.852646
30069,0,0,2026-01-16T22:01:35.177871
30077,50,22,2026-01-16T22:01:35.686046
30076,42,22,2026-01-16T22:01:35.895133
30078,50,22,2026-01-16T22:01:42.265548
30080,50,22,2026-01-16T22:01:46.339248
30079,50,22,2026-01-16T22:01:47.043890
30081,50,22,2026-01-16T22:01:47.350811
30082,50,22,2026-01-16T22:01:47.922162
30087,40,22,2026-01-16T22:01:48.374539
30083,50,22,2026-01-16T22:01:48.776022
30085,50,22,2026-01-16T22:01:48.907995
30084,50,22,2026-01-16T22:01:49.153556
30086,50,22,2026-01-16T22:01:49.334724
30088,27,22,2026-01-16T22:01:56.417992
30089,50,22,2026-01-16T22:02:06.115079
30090,50,22,2026-01-16T22:02:06.598359
30091,49,22,2026-01-16T22:02:07.043173
30092,26,22,2026-01-16T22:02:07.564562
30093,12,22,2026-01-16T22:02:07.750057
30095,40,22,2026-01-16T22:02:08.677410
30094,10,22,2026-01-16T22:02:08.823840
30096,15,23,2026-01-16T22:02:09.067605
30097,28,23,2026-01-16T22:02:09.452847
30098,0,0,2026-01-16T22:02:14.707526
30101,0,0,2026-01-16T22:02:19.526385
30102,42,23,2026-01-16T22:02:20.237095
30100,0,0,2026-01-16T22:02:20.986472
30104,1,23,2026-01-16T22:02:21.256048
30099,0,0,2026-01-16T22:02:21.553465
30103,45,23,2026-01-16T22:02:21.775767
30105,0,0,2026-01-16T22:02:22.118817
30106,0,0,2026-01-16T22:02:22.803977
30107,14,23,2026-01-16T22:02:23.129206
30108,7,23,2026-01-16T22:02:26.894184
30109,0,0,2026-01-16T22:02:31.213133
30111,0,0,2026-01-16T22:02:33.996334
30110,0,0,2026-01-16T22:02:35.703749
30115,0,0,2026-01-16T22:02:37.851656
30114,0,0,2026-01-16T22:02:38.093587
30112,0,0,2026-01-16T22:02:38.367370
30113,0,0,2026-01-16T22:02:38.607170
30117,0,0,2026-01-16T22:02:38.887694
30116,0,0,2026-01-16T22:02:39.060151
30118,0,0,2026-01-16T22:02:42.313780
30119,0,0,2026-01-16T22:02:47.427527
30120,0,0,2026-01-16T22:02:48.889685
30121,1,23,2026-01-16T22:02:48.973588
30122,46,23,2026-01-16T22:02:54.845900
30125,44,23,2026-01-16T22:02:55.179437
30124,50,23,2026-01-16T22:02:55.476601
30123,50,23,2026-01-16T22:02:55.771743
30127,41,23,2026-01-16T22:02:56.028034
30126,28,23,2026-01-16T22:02:56.389564
30128,43,23,2026-01-16T22:02:58.243429
30129,0,0,2026-01-16T22:03:06.814258
30130,0,0,2026-01-16T22:03:08.448512
30131,0,0,2026-01-16T22:03:09.182116
30132,0,0,2026-01-16T22:03:14.579680
30136,42,23,2026-01-16T22:03:15.447366
30134,0,0,2026-01-16T22:03:15.814560
30135,28,23,2026-01-16T22:03:16.104116
30137,49,23,2026-01-16T22:03:16.676325
30133,0,0,2026-01-16T22:03:17.224744
30138,47,23,2026-01-16T22:03:18.821478
30140,0,0,2026-01-16T22:03:20.736836
30139,36,23,2026-01-16T22:03:23.649205
30141,0,0,2026-01-16T22:03:25.571140
30142,0,0,2026-01-16T22:03:27.472947
30143,0,0,2026-01-16T22:03:29.931852
30144,0,0,2026-01-16T22:03:31.424599
30147,43,23,2026-01-16T22:03:31.631273
30146,48,23,2026-01-16T22:03:31.910655
30145,39,23,2026-01-16T22:03:32.629124
30148,46,23,2026-01-16T22:03:33.172986
30149,45,23,2026-01-16T22:03:36.485491
30150,23,23,2026-01-16T22:03:41.986669
30158,0,0,2026-01-16T22:03:44.661363
30151,0,0,2026-01-16T22:03:44.698822
30153,0,0,2026-01-16T22:03:46.027427
30152,0,0,2026-01-16T22:03:46.831029
30154,0,0,2026-01-16T22:03:47.872194
30155,0,0,2026-01-16T22:03:48.075724
30156,0,0,2026-01-16T22:03:48.391976
30157,0,0,2026-01-16T22:03:49.264428
30159,0,0,2026-01-16T22:03:50.157466
30160,47,23,2026-01-16T22:03:54.998448
30162,28,23,2026-01-16T22:04:00.811094
30161,30,23,2026-01-16T22:04:01.885406
30164,0,0,2026-01-16T22:04:02.528876
30163,0,0,2026-01-16T22:04:02.978901
30169,0,0,2026-01-16T22:04:03.310134
30166,0,0,2026-01-16T22:04:03.592395
30165,0,0,2026-01-16T22:04:03.908012
30167,0,0,2026-01-16T22:04:04.390802
30168,0,0,2026-01-16T22:04:05.088668
30170,0,0,2026-01-16T22:04:11.845083
30172,0,0,2026-01-16T22:04:15.565463
30175,0,0,2026-01-16T22:04:16.107516
30177,0,0,2026-01-16T22:04:16.389855
30171,0,0,2026-01-16T22:04:16.671247
30173,0,0,2026-01-16T22:04:17.023351
30174,0,0,2026-01-16T22:04:18.459152
30179,0,0,2026-01-16T22:04:18.879050
30178,0,0,2026-01-16T22:04:19.131874
30176,0,0,2026-01-16T22:04:19.867597
30180,0,0,2026-01-16T22:04:26.499059
30183,0,0,2026-01-16T22:04:27.897831
30182,0,0,2026-01-16T22:04:31.994133
30181,0,0,2026-01-16T22:04:32.265255
30184,0,0,2026-01-16T22:04:33.014827
30185,0,0,2026-01-16T22:04:33.173305
30186,0,0,2026-01-16T22:04:33.527278
30187,0,0,2026-01-16T22:04:34.403265
30188,0,0,2026-01-16T22:04:34.960259
30189,0,0,2026-01-16T22:04:35.568503
30190,0,0,2026-01-16T22:04:40.234725
30191,0,0,2026-01-16T22:04:42.148844
30192,0,0,2026-01-16T22:04:48.980224
30193,0,0,2026-01-16T22:04:49.910270
30195,0,0,2026-01-16T22:04:50.265958
30194,0,0,2026-01-16T22:04:52.803505
30196,0,0,2026-01-16T22:04:53.388832
30197,0,0,2026-01-16T22:04:54.525463
30198,3,24,2026-01-16T22:04:56.437712
30199,45,24,2026-01-16T22:04:56.536100
30201,50,24,2026-01-16T22:05:04.988231
30200,50,24,2026-01-16T22:05:05.590375
30203,50,24,2026-01-16T22:05:11.681213
30202,50,24,2026-01-16T22:05:11.927852
30204,40,24,2026-01-16T22:05:12.129197
30205,49,24,2026-01-16T22:05:12.334131
30206,37,24,2026-01-16T22:05:12.931314
30207,10,24,2026-01-16T22:05:13.620067
30208,48,24,2026-01-16T22:05:15.029733
30209,32,24,2026-01-16T22:05:15.207511
30211,43,24,2026-01-16T22:05:18.685362
30210,47,24,2026-01-16T22:05:19.295499
30213,0,0,2026-01-16T22:05:30.126618
30215,0,0,2026-01-16T22:05:30.486137
30212,0,0,2026-01-16T22:05:30.802645
30221,0,0,2026-01-16T22:05:31.209459
30214,0,0,2026-01-16T22:05:31.537581
30216,0,0,2026-01-16T22:05:31.800360
30217,0,0,2026-01-16T22:05:32.060388
30218,0,0,2026-01-16T22:05:32.775789
30220,0,0,2026-01-16T22:05:34.313375
30219,0,0,2026-01-16T22:05:34.592038
30222,0,0,2026-01-16T22:05:43.280448
30223,0,0,2026-01-16T22:05:43.631698
30224,0,0,2026-01-16T22:05:43.931782
30225,0,0,2026-01-16T22:05:44.949769
30226,0,0,2026-01-16T22:05:45.900789
30227,0,0,2026-01-16T22:05:47.345033
30228,47,24,2026-01-16T22:05:48.053321
30229,50,24,2026-01-16T22:05:49.751873
30231,50,24,2026-01-16T22:05:50.813459
30230,50,24,2026-01-16T22:05:50.998418
30232,50,24,2026-01-16T22:05:59.015830
30233,25,24,2026-01-16T22:05:59.118477
30234,6,24,2026-01-16T22:05:59.593336
30237,0,0,2026-01-16T22:05:59.754259
30235,1,24,2026-01-16T22:06:00.163131
30238,0,0,2026-01-16T22:06:00.805544
30239,0,0,2026-01-16T22:06:00.958528
30236,0,0,2026-01-16T22:06:02.165910
30241,0,0,2026-01-16T22:06:04.577170
30240,0,0,2026-01-16T22:06:05.395816
30242,0,0,2026-01-16T22:06:10.946536
30246,50,24,2026-01-16T22:06:17.867003
30247,41,24,2026-01-16T22:06:18.016938
30243,0,0,2026-01-16T22:06:18.155853
30245,34,24,2026-01-16T22:06:18.333847
30248,47,24,2026-01-16T22:06:18.491073
30244,0,0,2026-01-16T22:06:19.107964
30249,38,25,2026-01-16T22:06:19.397812
30250,0,0,2026-01-16T22:06:22.669114
30251,0,0,2026-01-16T22:06:23.854830
30252,9,25,2026-01-16T22:06:26.627435
30258,0,0,2026-01-16T22:06:31.322873
30253,40,25,2026-01-16T22:06:31.939102
30256,0,0,2026-01-16T22:06:32.502217
30257,0,0,2026-01-16T22:06:32.781150
30254,11,25,2026-01-16T22:06:32.821418
30255,16,25,2026-01-16T22:06:32.879198
30259,0,0,2026-01-16T22:06:35.382295
30260,0,0,2026-01-16T22:06:39.956159
30261,8,25,2026-01-16T22:06:42.074459
30262,50,25,2026-01-16T22:06:45.115186
30263,25,25,2026-01-16T22:06:47.936095
30268,32,25,2026-01-16T22:06:48.698684
30264,48,25,2026-01-16T22:06:49.161265
30267,0,0,2026-01-16T22:06:49.376854
30265,11,25,2026-01-16T22:06:49.678674
30266,0,0,2026-01-16T22:06:49.965535
30269,39,25,2026-01-16T22:06:50.474209
30271,38,25,2026-01-16T22:06:54.955811
30273,0,0,2026-01-16T22:07:02.684135
30279,0,0,2026-01-16T22:07:04.021626
30275,0,0,2026-01-16T22:07:04.684780
30277,0,0,2026-01-16T22:07:05.441959
30280,0,0,2026-01-16T22:07:06.450013
30281,0,0,2026-01-16T22:07:16.298761
30282,0,0,2026-01-16T22:07:16.732805
30284,0,0,2026-01-16T22:07:17.045257
30283,0,0,2026-01-16T22:07:17.465087
30285,0,0,2026-01-16T22:07:18.857861
30286,0,0,2026-01-16T22:07:29.223971
30288,26,25,2026-01-16T22:07:29.538955
30290,33,25,2026-01-16T22:07:29.601290
30287,1,25,2026-01-16T22:07:30.125564
30289,50,25,2026-01-16T22:07:30.766472
30270,47,25,2026-01-16T22:07:38.463263
30293,35,25,2026-01-16T22:07:44.555413
30291,1,25,2026-01-16T22:07:44.986582
30292,7,25,2026-01-16T22:07:45.355933
30295,4,25,2026-01-16T22:07:46.869238
30274,0,0,2026-01-16T22:07:46.985487
30294,48,25,2026-01-16T22:07:47.024599
30272,0,0,2026-01-16T22:07:47.094635
30278,0,0,2026-01-16T22:07:51.508136
30276,0,0,2026-01-16T22:07:51.920334
30296,0,0,2026-01-16T22:07:54.684482
30297,14,25,2026-01-16T22:08:01.415123
30298,48,25,2026-01-16T22:08:02.026094
30299,32,25,2026-01-16T22:08:02.908109
30302,0,0,2026-01-16T22:08:04.285713
30303,46,25,2026-01-16T22:08:05.226019
30300,0,0,2026-01-16T22:08:05.572318
30301,0,0,2026-01-16T22:08:06.320599
30305,9,25,2026-01-16T22:08:10.941487
30306,0,0,2026-01-16T22:08:11.173330
30304,47,25,2026-01-16T22:08:11.325367
30307,12,25,2026-01-16T22:08:14.023839
30313,33,25,2026-01-16T22:08:17.456142
30308,45,25,2026-01-16T22:08:17.686331
30309,48,25,2026-01-16T22:08:17.898379
30310,5,25,2026-01-16T22:08:18.752578
30311,0,0,2026-01-16T22:08:19.199530
30312,0,0,2026-01-16T22:08:20.006746
30315,49,25,2026-01-16T22:08:24.148940
30314,49,26,2026-01-16T22:08:24.731310
30316,35,26,2026-01-16T22:08:25.150615
30317,0,0,2026-01-16T22:08:25.378692
30319,22,26,2026-01-16T22:08:29.848070
30318,0,0,2026-01-16T22:08:30.426823
30320,24,26,2026-01-16T22:08:30.868663
30322,0,0,2026-01-16T22:08:32.629993
30321,0,0,2026-01-16T22:08:32.860959
30323,8,26,2026-01-16T22:08:32.990565
30324,47,26,2026-01-16T22:08:36.913796
30325,49,26,2026-01-16T22:08:38.421075
30326,21,26,2026-01-16T22:08:39.412098
30327,0,0,2026-01-16T22:08:40.574436
30328,0,0,2026-01-16T22:08:43.250242
30329,0,0,2026-01-16T22:08:43.820298
30330,41,26,2026-01-16T22:08:43.997087
30331,47,26,2026-01-16T22:08:45.610284
30333,0,0,2026-01-16T22:08:46.605875
30332,42,26,2026-01-16T22:08:46.937110
30336,42,26,2026-01-16T22:08:50.618204
30334,0,0,2026-01-16T22:08:53.503346
30335,33,26,2026-01-16T22:08:53.943146
30337,48,26,2026-01-16T22:08:56.414521
30338,20,26,2026-01-16T22:08:58.993221
30339,0,0,2026-01-16T22:08:59.646421
30340,15,26,2026-01-16T22:09:00.255019
30341,37,26,2026-01-16T22:09:00.891773
30343,2,26,2026-01-16T22:09:01.574061
30342,41,26,2026-01-16T22:09:01.708244
30344,9,26,2026-01-16T22:09:05.123995
30346,8,26,2026-01-16T22:09:06.128925
30345,27,26,2026-01-16T22:09:07.735429
30347,24,26,2026-01-16T22:09:10.098185
30349,26,26,2026-01-16T22:09:11.674810
30348,50,26,2026-01-16T22:09:11.818895
30350,9,26,2026-01-16T22:09:14.812326
30351,12,26,2026-01-16T22:09:15.695864
30352,0,0,2026-01-16T22:09:16.782509
30353,0,0,2026-01-16T22:09:17.488559
30356,27,26,2026-01-16T22:09:18.879780
30354,0,0,2026-01-16T22:09:19.380583
30355,12,26,2026-01-16T22:09:20.875232
30357,0,0,2026-01-16T22:09:27.294535
30359,0,0,2026-01-16T22:09:29.180336
30358,0,0,2026-01-16T22:09:29.449620
30365,41,26,2026-01-16T22:09:30.296855
30360,0,0,2026-01-16T22:09:30.524984
30361,0,0,2026-01-16T22:09:31.372001
30362,23,26,2026-01-16T22:09:33.100900
30366,48,26,2026-01-16T22:09:33.441551
30363,47,26,2026-01-16T22:09:33.724946
30364,38,27,2026-01-16T22:09:34.413673
30367,47,27,2026-01-16T22:09:38.557473
30369,0,0,2026-01-16T22:09:42.407582
30368,13,27,2026-01-16T22:09:43.140473
30370,0,0,2026-01-16T22:09:43.909037
30371,0,0,2026-01-16T22:09:44.448200
30372,3,27,2026-01-16T22:09:45.206369
30375,38,27,2026-01-16T22:09:45.894031
30373,50,27,2026-01-16T22:09:46.954877
30374,50,27,2026-01-16T22:09:47.676982
30376,48,27,2026-01-16T22:09:47.886578
30377,49,27,2026-01-16T22:09:51.601411
30378,49,27,2026-01-16T22:09:56.037911
30382,0,0,2026-01-16T22:09:58.200949
30379,49,27,2026-01-16T22:09:58.354093
30380,50,27,2026-01-16T22:09:59.101204
30381,25,27,2026-01-16T22:09:59.535690
30383,0,0,2026-01-16T22:09:59.724497
30385,0,0,2026-01-16T22:10:00.645745
30384,0,0,2026-01-16T22:10:00.901482
30386,0,0,2026-01-16T22:10:01.434881
30387,0,0,2026-01-16T22:10:05.176566
30388,0,0,2026-01-16T22:10:10.237228
30391,0,0,2026-01-16T22:10:12.371628
30389,0,0,2026-01-16T22:10:12.697016
30396,0,0,2026-01-16T22:10:13.062382
30393,0,0,2026-01-16T22:10:13.391232
30390,0,0,2026-01-16T22:10:13.657900
30392,0,0,2026-01-16T22:10:14.653055
30395,0,0,2026-01-16T22:10:19.345364
30394,0,0,2026-01-16T22:10:19.812093
30397,0,0,2026-01-16T22:10:20.922152
30398,0,0,2026-01-16T22:10:25.144387
30399,0,0,2026-01-16T22:10:28.411032
30401,0,0,2026-01-16T22:10:29.160792
30400,0,0,2026-01-16T22:10:29.380824
30404,0,0,2026-01-16T22:10:29.843747
30402,0,0,2026-01-16T22:10:30.083663
30403,0,0,2026-01-16T22:10:30.342107
30406,0,0,2026-01-16T22:10:31.145910
30405,0,0,2026-01-16T22:10:32.239145
30407,0,0,2026-01-16T22:10:34.215865
30408,0,0,2026-01-16T22:10:37.255040
30410,0,0,2026-01-16T22:10:41.774307
30409,0,0,2026-01-16T22:10:42.192441
30411,0,0,2026-01-16T22:10:42.773736
30415,0,0,2026-01-16T22:10:43.677360
30414,0,0,2026-01-16T22:10:43.900371
30412,0,0,2026-01-16T22:10:44.104758
30413,0,0,2026-01-16T22:10:44.367572
30416,0,0,2026-01-16T22:10:45.215245
30417,0,0,2026-01-16T22:10:47.267569
30418,0,0,2026-01-16T22:10:53.418686
30419,0,0,2026-01-16T22:11:00.414203
30420,0,0,2026-01-16T22:11:01.089726
30421,0,0,2026-01-16T22:11:02.222809
30422,0,0,2026-01-16T22:11:02.435801
30423,0,0,2026-01-16T22:11:03.526573
30425,0,0,2026-01-16T22:11:03.783002
30424,0,0,2026-01-16T22:11:04.032941
30426,0,0,2026-01-16T22:11:04.685738
30427,0,0,2026-01-16T22:11:04.967272
30428,0,0,2026-01-16T22:11:08.500734
30429,0,0,2026-01-16T22:11:13.069595
30431,0,0,2026-01-16T22:11:15.733243
30430,0,0,2026-01-16T22:11:16.284184
30432,0,0,2026-01-16T22:11:16.624640
30433,0,0,2026-01-16T22:11:18.510627
30434,0,0,2026-01-16T22:11:18.675026
30435,42,27,2026-01-16T22:11:18.886594
30436,50,27,2026-01-16T22:11:19.635424
30438,50,27,2026-01-16T22:11:19.982151
30437,50,27,2026-01-16T22:11:20.155444
30439,50,27,2026-01-16T22:11:28.816716
30442,50,27,2026-01-16T22:11:29.699909
30445,50,27,2026-01-16T22:11:29.937559
30441,50,27,2026-01-16T22:11:31.778657
30440,50,27,2026-01-16T22:11:32.972683
30443,50,27,2026-01-16T22:11:35.675509
30444,50,27,2026-01-16T22:11:35.868153
30447,50,28,2026-01-16T22:11:36.283833
30446,50,28,2026-01-16T22:11:36.620144
30448,50,28,2026-01-16T22:11:37.074031
30449,50,28,2026-01-16T22:11:40.736460
30453,10,28,2026-01-16T22:11:46.387108
30450,33,28,2026-01-16T22:11:47.157930
30451,36,28,2026-01-16T22:11:47.643569
30452,12,28,2026-01-16T22:11:49.995891
30455,23,28,2026-01-16T22:11:51.968287
30454,46,28,2026-01-16T22:11:52.342212
30457,18,28,2026-01-16T22:11:53.150331
30456,44,28,2026-01-16T22:11:53.318237
30458,0,0,2026-01-16T22:11:53.569045
30459,0,0,2026-01-16T22:11:57.664991
30460,0,0,2026-01-16T22:11:58.465469
30461,0,0,2026-01-16T22:12:00.744677
30462,0,0,2026-01-16T22:12:01.897641
30463,0,0,2026-01-16T22:12:02.871040
30465,0,0,2026-01-16T22:12:07.808662
30466,0,0,2026-01-16T22:12:08.118054
30464,0,0,2026-01-16T22:12:08.614674
30468,0,0,2026-01-16T22:12:09.019098
30467,0,0,2026-01-16T22:12:09.451113
30471,0,0,2026-01-16T22:12:12.282057
30469,0,0,2026-01-16T22:12:12.584021
30470,0,0,2026-01-16T22:12:14.633995
30473,0,0,2026-01-16T22:12:15.036471
30472,0,0,2026-01-16T22:12:18.811958
30474,0,0,2026-01-16T22:12:21.167512
30475,0,0,2026-01-16T22:12:21.962228
30478,0,0,2026-01-16T22:12:24.380459
30476,0,0,2026-01-16T22:12:24.724029
30477,0,0,2026-01-16T22:12:25.223323
30479,0,0,2026-01-16T22:12:25.600581
30480,0,0,2026-01-16T22:12:26.090163
30481,0,0,2026-01-16T22:12:27.383561
30482,0,0,2026-01-16T22:12:27.820539
30483,0,0,2026-01-16T22:12:32.787502
30484,0,0,2026-01-16T22:12:33.748383
30485,0,0,2026-01-16T22:12:34.839169
30487,0,0,2026-01-16T22:12:38.653086
30486,0,0,2026-01-16T22:12:38.928631
30488,10,28,2026-01-16T22:12:39.072998
30489,46,28,2026-01-16T22:12:39.196828
30491,50,28,2026-01-16T22:12:39.478811
30492,50,28,2026-01-16T22:12:39.989377
30490,50,28,2026-01-16T22:12:40.337591
30493,42,28,2026-01-16T22:12:44.843536
30494,50,28,2026-01-16T22:12:47.765480
30495,45,28,2026-01-16T22:12:48.399075
30497,44,28,2026-01-16T22:12:51.146568
30500,0,0,2026-01-16T22:12:51.443820
30499,0,0,2026-01-16T22:12:53.490656
30501,0,0,2026-01-16T22:12:53.961287
30496,20,28,2026-01-16T22:12:54.557276
30502,0,0,2026-01-16T22:12:54.638526
30498,32,28,2026-01-16T22:12:54.812278
30503,0,0,2026-01-16T22:12:56.790165
30504,0,0,2026-01-16T22:13:01.352801
30505,0,0,2026-01-16T22:13:01.629891
30506,0,0,2026-01-16T22:13:04.261791
30507,0,0,2026-01-16T22:13:04.472261
30508,0,0,2026-01-16T22:13:07.183019
30509,0,0,2026-01-16T22:13:07.747767
30512,0,0,2026-01-16T22:13:07.926951
30511,0,0,2026-01-16T22:13:08.090185
30510,0,0,2026-01-16T22:13:08.737606
30513,31,28,2026-01-16T22:13:11.219327
30517,48,28,2026-01-16T22:13:14.845804
30515,35,28,2026-01-16T22:13:15.378371
30514,43,28,2026-01-16T22:13:15.551454
30516,47,29,2026-01-16T22:13:17.585894
30522,0,0,2026-01-16T22:13:20.172134
30521,0,0,2026-01-16T22:13:22.482522
30518,50,29,2026-01-16T22:13:23.485718
30519,25,29,2026-01-16T22:13:23.972929
30520,0,0,2026-01-16T22:13:24.133460
30523,0,0,2026-01-16T22:13:28.198142
30524,0,0,2026-01-16T22:13:32.220194
30525,27,29,2026-01-16T22:13:32.726048
30526,39,29,2026-01-16T22:13:33.062756
30527,47,29,2026-01-16T22:13:33.945473
30528,50,29,2026-01-16T22:13:36.178314
30529,50,29,2026-01-16T22:13:39.360339
30532,0,0,2026-01-16T22:13:40.084841
30533,0,0,2026-01-16T22:13:40.260862
30530,29,29,2026-01-16T22:13:40.586089
30531,0,0,2026-01-16T22:13:40.848172
30534,0,0,2026-01-16T22:13:46.327588
30535,39,29,2026-01-16T22:13:46.576192
30536,50,29,2026-01-16T22:13:47.202295
30537,47,29,2026-01-16T22:13:47.396542
30538,49,29,2026-01-16T22:13:50.617950
30541,0,0,2026-01-16T22:13:53.357951
30539,45,29,2026-01-16T22:13:53.575501
30543,0,0,2026-01-16T22:13:54.018600
30542,0,0,2026-01-16T22:13:55.635370
30540,22,29,2026-01-16T22:13:55.822767
30547,0,0,2026-01-16T22:13:58.159599
30545,0,0,2026-01-16T22:14:04.223091
30544,0,0,2026-01-16T22:14:04.679356
30546,0,0,2026-01-16T22:14:06.240222
30548,0,0,2026-01-16T22:14:07.663830
30550,18,29,2026-01-16T22:14:11.670456
30551,49,29,2026-01-16T22:14:12.416350
30549,0,0,2026-01-16T22:14:12.667362
30552,45,29,2026-01-16T22:14:14.591081
30554,45,29,2026-01-16T22:14:14.939046
30553,39,29,2026-01-16T22:14:15.526972
30556,28,29,2026-01-16T22:14:17.314208
30555,49,29,2026-01-16T22:14:18.166659
30557,0,0,2026-01-16T22:14:19.925728
30558,0,0,2026-01-16T22:14:21.989227
30559,0,0,2026-01-16T22:14:28.805427
30560,0,0,2026-01-16T22:14:29.769766
30561,0,0,2026-01-16T22:14:30.230373
30564,0,0,2026-01-16T22:14:33.056664
30562,0,0,2026-01-16T22:14:33.405563
30563,0,0,2026-01-16T22:14:33.637422
30565,0,0,2026-01-16T22:14:34.099143
30566,0,0,2026-01-16T22:14:35.744017
30567,0,0,2026-01-16T22:14:37.380909
30568,0,0,2026-01-16T22:14:39.091237
30569,0,0,2026-01-16T22:14:41.486376
30570,0,0,2026-01-16T22:14:43.241276
30571,0,0,2026-01-16T22:14:44.533597
30573,0,0,2026-01-16T22:14:46.420355
30572,0,0,2026-01-16T22:14:46.838164
30574,0,0,2026-01-16T22:14:48.006677
30575,0,0,2026-01-16T22:14:48.199028
30576,0,0,2026-01-16T22:14:48.510545
30577,0,0,2026-01-16T22:14:50.987252
30578,0,0,2026-01-16T22:14:52.610338
30579,0,0,2026-01-16T22:14:55.791120
30580,0,0,2026-01-16T22:15:01.292361
30581,0,0,2026-01-16T22:15:02.293269
30582,0,0,2026-01-16T22:15:06.024683
30584,0,0,2026-01-16T22:15:06.949810
30583,0,0,2026-01-16T22:15:07.245411
30585,0,0,2026-01-16T22:15:07.700467
30586,0,0,2026-01-16T22:15:07.755363
30587,0,0,2026-01-16T22:15:10.171997
30588,0,0,2026-01-16T22:15:12.296993
30589,0,0,2026-01-16T22:15:13.866948
30590,0,0,2026-01-16T22:15:15.838535
30591,0,0,2026-01-16T22:15:17.149398
30592,0,0,2026-01-16T22:15:20.578606
30593,0,0,2026-01-16T22:15:23.427476
30594,0,0,2026-01-16T22:15:23.673972
30596,0,0,2026-01-16T22:15:25.118951
30595,0,0,2026-01-16T22:15:25.622712
30597,0,0,2026-01-16T22:15:27.312166
30598,0,0,2026-01-16T22:15:29.835602
30599,0,0,2026-01-16T22:15:30.770306
30600,0,0,2026-01-16T22:15:31.980354
30601,0,0,2026-01-16T22:15:33.132102
30603,0,0,2026-01-16T22:15:35.051556
30602,0,0,2026-01-16T22:15:36.597562
30604,0,0,2026-01-16T22:15:37.628113
30606,0,0,2026-01-16T22:15:38.196752
30605,0,0,2026-01-16T22:15:38.439247
30607,0,0,2026-01-16T22:15:41.587161
30608,0,0,2026-01-16T22:15:43.350678
30611,0,0,2026-01-16T22:15:45.347720
30609,0,0,2026-01-16T22:15:46.374002
30612,0,0,2026-01-16T22:15:47.495952
30610,0,0,2026-01-16T22:15:48.035049
30614,0,0,2026-01-16T22:15:50.172849
30613,0,0,2026-01-16T22:15:50.427086
30615,0,0,2026-01-16T22:15:52.318204
30616,0,0,2026-01-16T22:15:52.560803
30617,0,0,2026-01-16T22:15:56.983199
30618,0,0,2026-01-16T22:15:57.239967
30619,38,29,2026-01-16T22:15:59.093413
