pagina,num_registros_ok,id_chunk,timestamp
1,33,1,2026-02-06T15:57:52.826913
3,38,1,2026-02-06T15:57:52.952857
5,38,1,2026-02-06T15:57:53.078209
4,36,1,2026-02-06T15:57:53.237938
2,49,1,2026-02-06T15:57:53.306495
6,8,1,2026-02-06T15:57:53.722893
7,32,1,2026-02-06T15:57:54.016508
8,50,1,2026-02-06T15:57:54.396749
10,50,1,2026-02-06T15:57:54.522145
9,50,1,2026-02-06T15:57:54.561757
11,50,1,2026-02-06T15:57:55.082834
12,50,1,2026-02-06T15:57:55.537951
13,46,2,2026-02-06T15:57:55.734926
15,50,2,2026-02-06T15:57:55.813267
14,17,2,2026-02-06T15:57:55.975200
16,28,2,2026-02-06T15:57:56.099225
17,4,2,2026-02-06T15:57:56.369895
18,42,2,2026-02-06T15:57:56.799350
19,19,2,2026-02-06T15:57:56.872591
20,7,2,2026-02-06T15:57:56.923397
21,24,2,2026-02-06T15:57:57.006259
22,19,2,2026-02-06T15:57:57.254318
23,50,2,2026-02-06T15:57:57.852769
26,13,2,2026-02-06T15:57:57.909104
24,50,2,2026-02-06T15:57:58.072990
25,50,2,2026-02-06T15:57:58.182063
27,48,2,2026-02-06T15:57:58.593188
